dbid,atc_label
DB00001,B01AE02
DB01022,B02BA01
DB01373,A11GB01
DB01373,M05BB08
DB01373,M05BB05
DB01373,M05BB04
DB01373,M05BB02
DB01373,M05BB01
DB01373,A11AA02
DB00002,L01XC06
DB00006,B01AE06
DB00009,B01AD02
DB00009,S01XA13
DB00013,B01AD04
DB00015,B01AD07
DB00029,B01AD03
DB00031,B01AD11
DB00054,B01AC13
DB00063,B01AC16
DB00072,L01XC03
DB00086,B01AD01
DB00086,B06AA55
DB00112,L01XC07
DB00114,A11HA06
DB00125,B05XB01
DB00129,A05BA06
DB00130,A16AA03
DB00142,A09AB01
DB03904,D02AE01
DB03904,B05BC02
DB03904,D02AE51
DB00118,A16AA02
DB00134,V03AB26
DB00145,B05CX03
DB00855,L01XD04
DB01593,C05AX04
DB00126,G01AD03
DB00126,A11GA01
DB00126,A11GB01
DB00126,S01XA15
DB00360,A16AX07
DB00368,C01CA03
DB00668,A01AD01
DB00668,R03AK01
DB00668,B02BC09
DB00668,C01CA24
DB00668,S01EA01
DB00668,R01AA14
DB00668,R03AA01
DB00668,S01EA51
DB00988,C01CA04
DB01235,N04BA03
DB01235,N04BA01
DB01235,N04BA02
DB01592,B03AE01
DB01592,B03AE02
DB01592,A11AA01
DB01592,B03AE04
DB01592,B03AE03
DB00121,A11HA05
DB03766,S01AX10
DB00435,R07AX01
DB00847,A16AA04
DB00847,S01XA21
DB00640,C01EB10
DB00143,V03AB32
DB00123,B05XB03
DB00822,P03AA04
DB00822,P03AA54
DB00822,N07BB01
DB00898,V03AB16
DB00898,V03AZ01
DB00898,D08AX08
DB03166,S02AA10
DB03166,G01AD02
DB00583,A16AA01
DB04335,G01AX02
DB04335,S01XA10
DB04335,D06BB05
DB00993,L04AX01
DB01033,L01BB02
DB00352,L01BB03
DB00158,B03AE01
DB00158,B03AE02
DB00158,B03BB01
DB00158,B03BB51
DB00563,L04AX03
DB00563,L01BA01
DB00650,V03AF06
DB00650,V03AF03
DB00207,J01RA07
DB00207,S01AA26
DB00207,J01FA10
DB01190,D10AF01
DB01190,J01FF01
DB01190,D10AF51
DB01190,G01AA10
DB00199,J01FA01
DB00199,D10AF02
DB00199,S01AA17
DB00199,D10AF52
DB01172,S01AA24
DB01172,J01GB04
DB01172,A07AA08
DB00452,D09AA01
DB00452,R01AX08
DB00452,S01AA07
DB00955,S01AA23
DB00955,J01GB07
DB01082,J04AM01
DB01082,J01GA01
DB01082,A07AA54
DB01082,A07AA04
DB00453,J01AA11
DB01783,D03AX04
DB01783,A11HA31
DB00684,S01AA12
DB00684,J01GB01
DB01301,J01AA20
DB01301,J01AA09
DB01211,A02BD11
DB01211,A02BD04
DB01211,A02BD05
DB01211,A02BD07
DB01211,A02BD09
DB01211,A02BD06
DB01211,J01FA09
DB00778,J01FA06
DB00798,S01AA11
DB00798,S02AA14
DB00798,D06AX07
DB00798,S03AA06
DB00798,J01GB03
DB00595,J01AA20
DB00595,J01AA06
DB00595,S01AA04
DB00595,J01AA56
DB00595,D06AA03
DB00595,G01AA07
DB00759,J01AA20
DB00759,A02BD02
DB00759,S02AA08
DB00759,A01AB13
DB00759,J01AA07
DB00759,S01AA09
DB00759,J01RA08
DB00759,S03AA02
DB00759,D06AA04
DB00759,A02BD08
DB06696,J01GB12
DB01321,J01FA07
DB00976,J01FA15
DB00479,S01AA21
DB00479,D06AX12
DB00479,J01GB06
DB00479,J01RA06
DB00919,J01XX04
DB00618,J01AA20
DB00618,J01AA01
DB00618,D06AA01
DB00254,J01AA02
DB00254,A01AB22
DB00254,J01AA20
DB01017,J01AA20
DB01017,J01AA08
DB01017,A01AB23
DB00252,N03AB02
DB00252,N03AB52
DB01296,M01AX05
DB04272,A09AB04
DB00152,A11DA01
DB00256,J01AA20
DB00256,J01AA04
DB00560,J01AA20
DB00560,J01AA12
DB01421,A07AA06
DB00931,J01AA20
DB00931,J01AA05
DB01627,J01FF02
DB00446,D06AX02
DB00446,S02AA01
DB00446,D10AF03
DB00446,S01AA01
DB00446,G01AA05
DB00446,J01BA01
DB00446,S03AA08
DB00279,H03AA03
DB00279,H03AA02
DB00451,H03AA01
DB00140,A11HA04
DB00140,S01XA26
DB00749,M01AB08
DB00917,G02AD02
DB01009,M01AE03
DB01009,M02AA10
DB01009,M01AE53
DB01050,N02AJ08
DB01050,N02AJ19
DB01050,G02CC01
DB01050,C01EB16
DB01050,M01AE01
DB01050,M02AA13
DB01050,R02AX02
DB01050,M01AE51
DB00482,G01AE10
DB00482,M01AH01
DB00482,L01XX33
DB00870,M01AE07
DB00328,S01CC02
DB00328,M01AB51
DB00328,S01BC01
DB00328,M02AA23
DB00328,M01AB01
DB00328,C01EB03
DB00861,N02BA11
DB00554,M01AC01
DB00554,M02AA07
DB00554,S01BC06
DB00533,M01AH02
DB00586,S01CC01
DB00586,S01BC03
DB00586,M01AB55
DB00586,M02AA15
DB00586,M01AB05
DB00586,D11AX18
DB00605,M01AB02
DB00461,M01AX01
DB00580,M01AH03
DB03088,A12CC08
DB01435,N02BB51
DB01435,N02BB71
DB01435,N02BB01
DB01435,S02DA03
DB00712,M02AA19
DB00712,M01AE09
DB00712,R02AX01
DB00712,S01BC04
DB06802,S01BC10
DB00945,C10BX02
DB00945,C10BX04
DB00945,C10BX06
DB00945,C07FX03
DB00945,N02AJ07
DB00945,C07FX02
DB00945,N02AJ18
DB00945,C07FX04
DB00945,C10BX01
DB00945,C10BX12
DB00945,B01AC06
DB00945,M01BA03
DB00945,N02BA71
DB00945,B01AC56
DB00945,N02AJ02
DB00945,N02BA01
DB00945,C10BX05
DB00945,N02BA51
DB00945,A01AD05
DB00945,C10BX08
DB00465,S01FB51
DB00465,M01AB15
DB00465,S01BC05
DB00963,S01BC11
DB00814,M01AC56
DB00814,M01AC06
DB00784,M01AG01
DB00991,M01AE12
DB00788,M01AE52
DB00788,G02CC02
DB00788,M02AA12
DB00788,M01AE56
DB00788,M01AE02
DB00531,L01AA01
DB00316,N02AJ13
DB00316,N02BE71
DB00316,N02BE01
DB00316,N02AJ17
DB00316,N02BE51
DB00316,N02AJ06
DB00316,N02AJ01
DB02659,A05AA03
DB06777,A05AA01
DB00165,J04AM08
DB00165,A11HA02
DB00150,N06AX02
DB01065,N05CH01
DB02959,N06AX01
DB01324,G01AE10
DB01324,C03AA05
DB01324,C03AB05
DB00887,G01AE10
DB00887,C03CB02
DB00887,C03EB02
DB00887,C03CA02
DB01325,G01AE10
DB01325,C03BA02
DB01325,C03BB02
DB00808,G01AE10
DB00808,C09BX01
DB00808,C10BX13
DB00808,C03BA11
DB01021,G01AE10
DB01021,C03AA06
DB01021,C03EA02
DB01021,C03AB06
DB00421,C03DA01
DB00700,C03DA04
DB00880,G01AE10
DB00880,C03AB04
DB00880,C03AA04
DB00880,C03AH01
DB00436,G01AE10
DB00436,C03AB01
DB00436,C03EA13
DB00436,C03AA01
DB00903,C03CC01
DB00606,G01AE10
DB00606,C03AB09
DB00606,C03AA09
DB00774,G01AE10
DB00774,C03AA02
DB00774,C03AH02
DB00774,C03AB02
DB00310,G01AE10
DB00310,C03EA06
DB00310,C03BB04
DB00310,C03BA04
DB00594,C03DB01
DB00201,R03DA20
DB00201,V04CG30
DB00201,N06BC01
DB00277,R03DA20
DB00277,R03DA54
DB00277,R03DA74
DB00277,R03DA04
DB00277,R03DB04
DB01412,C03BD01
DB01412,R03DA07
DB01412,R03DA57
DB01638,B05CX02
DB01638,V04CC01
DB01638,A06AD18
DB01638,A06AG07
DB00624,G03BA03
DB00624,G03EA02
DB00655,G03CC04
DB00655,G03CA07
DB00783,G03FB10
DB00783,G03FB04
DB00783,G03FA08
DB00783,G03FB09
DB00783,G03FA11
DB00783,G03FA14
DB00783,G03FB08
DB00783,G03FA04
DB00783,G03EA02
DB00783,G03FA01
DB00783,G03FB05
DB00783,G03FA16
DB00783,G03FA06
DB00783,G03FA09
DB00783,G03CA53
DB00783,G03FA12
DB00783,G03FB12
DB00783,G03FB03
DB00783,G03FB02
DB00783,G03FA15
DB00783,G03FA10
DB00783,G03EA01
DB00783,G03FB11
DB00783,G03EA03
DB00783,G03AA14
DB00783,G03AB08
DB00783,G03FB01
DB00783,G03FA03
DB00783,G03FB06
DB00783,G03AA17
DB00783,G03FB07
DB00783,G03FA17
DB00783,G03FA07
DB00783,G03FA02
DB00783,G03HB01
DB00783,G03FA13
DB00783,G02BB01
DB00783,G03CA03
DB00783,G03FA05
DB00162,V04CB01
DB00162,S01XA02
DB00162,D10AD02
DB00162,R01AX02
DB00162,A11CA01
DB00523,D11AH04
DB00523,L01XX22
DB00755,D10AD51
DB00755,L01XX14
DB00755,D10AD01
DB00169,M05BB09
DB00169,M05BX53
DB00169,M05BB07
DB00169,M05BB08
DB00169,A11CC55
DB00169,M05BB05
DB00169,A11CC05
DB00169,M05BB03
DB00169,M05BB04
DB00227,C10AA02
DB00227,C10BA01
DB00439,C10AA06
DB00641,C10BX04
DB00641,A10BH51
DB00641,C10AA01
DB00641,C10BA02
DB00641,C10BX01
DB00641,C10BA04
DB00175,C10AA03
DB00175,C10BA03
DB00175,C10BX02
DB01098,C10BX10
DB01098,G01AE10
DB01098,C10BX07
DB01098,C10BX09
DB01098,C10BX14
DB01098,C10BX13
DB01098,C10BX05
DB01098,C10BA06
DB01098,C10AA07
DB01098,A10BH52
DB00399,M05BB08
DB00399,M05BA08
DB00282,M05BA03
DB01095,C10AA04
DB00710,M05BB09
DB00710,M05BA06
DB00630,M05BB05
DB00630,M05BB03
DB00630,M05BA04
DB00630,M05BB06
DB00884,M05BB07
DB00884,M05BB04
DB00884,M05BB02
DB00884,M05BA07
DB13178,A11HA07
DB00177,C09DX05
DB00177,C10BX10
DB00177,C09DA03
DB00177,C09CA03
DB00177,C09DX02
DB00177,C09DX01
DB00177,C09DB08
DB00177,C09DB01
DB00177,C09DX04
DB00178,C09BX03
DB00178,C10BX04
DB00178,C09BB07
DB00178,C10BX06
DB00178,C09BB05
DB00178,C09BA05
DB00178,C09AA05
DB00184,N07BA01
DB00187,C07AB09
DB00193,N02AJ13
DB00193,N02AJ14
DB00193,N02AX02
DB00195,S01ED02
DB00195,C07AB05
DB00195,S01ED52
DB00208,B01AC05
DB00213,A02BD11
DB00213,A02BD04
DB00213,A02BC02
DB03128,S01EB09
DB00214,G01AE10
DB00214,C03CA04
DB00215,N06AB04
DB00232,G01AE10
DB00232,C03AA08
DB00232,C03AB08
DB00238,J05AG01
DB00238,J05AR05
DB00238,J05AR07
DB01320,N03AB05
DB00264,C07FB02
DB00264,C07FX05
DB00264,C07FX03
DB00264,C07FB13
DB00264,C07AB02
DB00264,C07BB52
DB00264,C07CB02
DB00264,C07BB02
DB00266,B01AA01
DB00270,C08CA03
DB00272,V04CG02
DB00275,C09DA08
DB00275,C09DX03
DB00275,C09CA08
DB00275,C09DB02
DB00278,B01AE03
DB00280,C01BA03
DB00281,S01HA07
DB00281,D04AB01
DB00281,S02DA01
DB00281,C01BB01
DB00281,R02AD02
DB00281,N01BB52
DB00281,C05AD01
DB00281,N01BB02
DB00283,D04AA14
DB00283,R06AA54
DB00283,R06AA04
DB00285,N06AX16
DB06700,N06AX23
DB00295,A07DA52
DB00295,N02AA51
DB00295,N02AA01
DB00295,N02AG01
DB00318,N02AJ06
DB00318,N02AA79
DB00318,R05DA04
DB00318,N02AA59
DB00318,N02AJ08
DB00318,N02AJ07
DB01452,N07BC06
DB00296,N01BB09
DB00297,N01BB01
DB00297,N01BB51
DB00300,J05AR09
DB00300,J05AR12
DB00300,J05AR24
DB00300,J05AR06
DB00300,J05AF07
DB00300,J05AR03
DB00300,J05AR08
DB00300,J05AR11
DB00302,B02AA02
DB00308,C01BD05
DB00309,L01CA03
DB00313,N03AG01
DB00317,L01XE02
DB00327,N02AA53
DB00327,N02AA03
DB00327,N02AG04
DB00333,N07BC02
DB00333,N02AC52
DB00335,C07CB53
DB00335,C07AB03
DB00335,C07FB03
DB00335,C07DB01
DB00335,C07BB03
DB00335,C07CB03
DB00338,A02BC01
DB00338,A02BD05
DB00338,A02BD01
DB00341,R06AE07
DB00342,R06AX12
DB00343,C08DB01
DB00343,C05AE03
DB00354,R06AE51
DB00354,R06AE01
DB00997,L01DB01
DB00361,L01CA04
DB00366,R06AA09
DB00366,R06AA59
DB01086,C05AD03
DB01086,R02AD01
DB01086,D04AB04
DB01086,N01BA05
DB00807,S01HA04
DB00813,N01AH01
DB00813,N02AB03
DB00813,N01AH51
DB00708,N01AH03
DB06738,N02AB01
DB06738,N02AG02
DB00892,S01HA02
DB00892,D04AB03
DB00956,R05DA03
DB00899,N01AH06
DB00472,N06CA03
DB00472,N06AB03
DB00647,N02AC04
DB00647,N02AC54
DB00647,N02AC74
DB00913,N01AH05
DB00370,N06AX11
DB00371,N05BC51
DB00371,N05CX01
DB00371,N05BC01
DB00544,L01BC52
DB00544,L01BC02
DB01101,L01BC06
DB00373,C07AA06
DB00373,S01ED51
DB00373,C07BA06
DB00373,C07DA06
DB00373,S01ED01
DB00379,C01BB02
DB00381,C09DX01
DB00381,C09DB01
DB00381,C09BX03
DB00381,C09BB07
DB00381,C07FB13
DB00381,C09DX03
DB00381,C09DB02
DB00381,C09XA54
DB00381,C10BX07
DB00381,C09BB03
DB00381,C09BB04
DB00381,C07FB07
DB00381,C09DB06
DB00381,C07FB12
DB00381,C09DB05
DB00381,C09XA53
DB00381,C10BX03
DB00381,C08CA01
DB00381,C09DB04
DB00381,C08GA02
DB00381,C09DB07
DB00381,C09DX06
DB00381,C09BX01
DB00381,C10BX11
DB00381,C10BX09
DB00381,C10BX14
DB00384,C03DB02
DB00393,C08CA06
DB00396,G03FA04
DB00396,G03DA04
DB00741,S01CB03
DB00741,A01AC03
DB00741,S01BB01
DB00741,S01CA03
DB00741,D07AA02
DB00741,S01BA02
DB00741,D07XA01
DB00741,D07BA04
DB00741,S02CA03
DB00741,A07EA02
DB00741,S02BA01
DB00741,R01AD60
DB00741,H02AB09
DB00741,D07CA01
DB00741,S03CA04
DB00741,C05AA01
DB00398,L01XE05
DB00401,C08CA07
DB00405,R06AB06
DB00405,R06AB56
DB00412,A10BD04
DB00412,A10BD03
DB00412,A10BG02
DB00427,R06AX07
DB00434,R06AX02
DB00441,L01BC05
DB00444,L01CB02
DB00448,A02BC03
DB00448,A02BD02
DB00448,A02BD07
DB00448,A02BD09
DB00448,A02BD10
DB00448,A02BD03
DB00448,A02BC53
DB00455,R06AX13
DB00458,N06AA02
DB01151,N06AA01
DB00469,M01AC02
DB00489,C07AA07
DB00489,C07BA07
DB00489,C07FX02
DB00492,C09BA09
DB00492,C09AA09
DB00495,J05AR05
DB00495,J05AR04
DB00495,J05AF01
DB00495,J05AR01
DB00497,N02AJ17
DB00497,N02AA56
DB00497,N02AA05
DB00497,N02AA55
DB00497,N02AJ18
DB00497,N02AJ19
DB00498,B01AA02
DB00500,M01AB03
DB00500,M02AA21
DB00501,A02BA51
DB00501,A02BA01
DB00513,B02AA01
DB00519,C09AA10
DB00519,C09BB10
DB00521,S01ED55
DB00521,S01ED05
DB00521,C07AA15
DB00524,G01AE10
DB00524,C03EA12
DB00524,C03BA08
DB00527,D04AB02
DB00527,S01HA06
DB00527,S02DA04
DB00527,N01BB06
DB00527,C05AD04
DB00530,L01XE03
DB00541,L01CA02
DB00542,C09BA07
DB00542,C09AA07
DB00557,N05BB01
DB00557,N05BB51
DB00564,N03AF01
DB00776,N03AF02
DB00568,N07CA52
DB00568,N07CA02
DB00569,B01AX05
DB00570,L01CA01
DB00571,C07FX01
DB00571,C07AA05
DB00571,C07BA05
DB00573,M01AE04
DB00584,C09BB02
DB00584,C09BA02
DB00584,C09BB06
DB00584,C09AA02
DB00585,A02BA04
DB00598,C07BG01
DB00598,C07CG01
DB00598,C07AG01
DB00612,C07FB07
DB00612,C07FX04
DB00612,C07BB07
DB00612,C07AB07
DB00612,C09BX02
DB00619,L01XE01
DB00625,J05AR06
DB00625,J05AR11
DB00625,J05AG03
DB00627,C10BA01
DB00627,C10AD02
DB00627,C10AD52
DB00627,C04AC01
DB02701,A11HA01
DB00635,A07EA03
DB00635,H02AB07
DB00860,S01CA02
DB00860,D07AA03
DB00860,D07XA02
DB00860,A01AC54
DB00860,R01AD02
DB00860,S01BB02
DB00860,R01AD52
DB00860,S01CB02
DB00860,V03AB05
DB00860,S03BA02
DB00860,D07BA01
DB00860,D07CA03
DB00860,S01BA04
DB00860,S02BA03
DB00860,A07EA01
DB00860,H02AB06
DB00860,S02CA01
DB00860,C05AA04
DB00860,S03CA02
DB00637,R06AX11
DB00649,J05AR07
DB00649,J05AF04
DB00652,N02AD01
DB03175,D08AX03
DB03175,D08AX53
DB03255,C05BB05
DB03255,R02AA19
DB03255,N01BX03
DB03255,D08AE03
DB04573,G03CC06
DB04573,G03CA04
DB00661,C09BB10
DB00661,C08DA51
DB00661,C08DA01
DB00670,A02BX03
DB00675,L02BA01
DB00678,C09DB06
DB00678,C09CA01
DB00678,C09DA01
DB00682,B01AA03
DB01024,L04AA06
DB00691,C09AA13
DB00691,C09BA13
DB00695,G01AE10
DB00695,C03EB01
DB00695,C03CA01
DB00695,C03CB01
DB00704,N02AA56
DB00704,N07BB04
DB00704,A08AA62
DB00705,J05AG02
DB00709,J05AR05
DB00709,J05AR07
DB00709,J05AR12
DB00709,J05AR24
DB00709,J05AR11
DB00709,J05AR04
DB00709,J05AR01
DB00709,J05AR02
DB00709,J05AR13
DB00709,J05AR16
DB00709,J05AF05
DB00718,J05AF08
DB00719,R06AX09
DB00721,N01BA52
DB00721,C05AD05
DB00721,S01HA05
DB00721,N01BA02
DB00722,C10BX07
DB00722,C09BB03
DB00722,C09BA03
DB00722,C09AA03
DB00731,A10BX03
DB00736,A02BD06
DB00736,A02BC05
DB00736,M01AE52
DB00737,R06AE55
DB00737,R06AE05
DB00748,R06AA08
DB00750,N01BB54
DB00750,N01BB04
DB00751,S01GX10
DB00751,R06AX24
DB00758,B01AC04
DB00762,L01XX19
DB00768,S01GX09
DB00768,R01AC08
DB00773,L01CB01
DB00775,B01AC17
DB00777,N05CM06
DB00790,C09BB04
DB00790,C09BX01
DB00790,C10BX11
DB00790,C10BX14
DB00790,C09BX02
DB00790,C09BA04
DB00790,C10BX13
DB00790,C09AA04
DB00790,C10BX12
DB00790,C10BX15
DB00792,R06AC04
DB00792,D04AA04
DB00802,N01AH02
DB00812,M01BA01
DB00812,M01AA01
DB00812,M02AA01
DB00835,R06AB51
DB00835,R06AB01
DB00841,C01CA07
DB00844,N02AF02
DB00863,A02BA07
DB00863,A02BA02
DB00866,C07AA01
DB00876,C09DA02
DB00876,C09CA02
DB00879,J05AR09
DB00879,J05AR06
DB00879,J05AR03
DB00879,J05AR08
DB00879,J05AR19
DB00879,J05AR17
DB00879,J05AF09
DB00879,J05AR20
DB00879,J05AR22
DB00879,J05AR18
DB00881,C09AA06
DB00881,C09BA06
DB00900,J05AF02
DB00902,R06AD04
DB00907,S01HA01
DB00907,S02DA02
DB00907,N01BC01
DB00907,R02AD03
DB00908,C01BA01
DB00908,C01BA51
DB00908,C01BA71
DB00912,A10BD14
DB00912,A10BX02
DB01628,M01AH05
DB01283,M01AH06
DB01399,N02BA06
DB00920,S01GX08
DB00920,R06AX17
DB00921,N07BC01
DB00921,N07BC51
DB00921,N02AE01
DB00927,A02BA03
DB00927,A02BA53
DB00936,D01AE12
DB00936,N02BA04
DB00936,N02BA12
DB00936,S01BC08
DB00943,J05AF03
DB00946,B01AA04
DB00949,N03AX10
DB00950,R06AX26
DB00960,C07CA03
DB00960,C07AA03
DB00961,N01BB53
DB00961,N01BB03
DB00966,C09DB04
DB00966,C09CA07
DB00966,C09DA07
DB00967,R06AX27
DB00972,R06AX19
DB00972,S01GX07
DB00972,R01AC03
DB00975,B01AC07
DB00999,C09DX01
DB00999,C09BX03
DB00999,G01AE10
DB00999,C09DX03
DB00999,C09XA54
DB00999,C09DX06
DB00999,C03AX01
DB00999,C03AB03
DB00999,C03EA01
DB00999,C09XA52
DB00999,C03AA03
DB01002,N01BB10
DB01016,A10BB01
DB01418,B01AA07
DB04898,B01AE05
DB01109,B01AB51
DB01109,C05BA03
DB01109,S01XA14
DB01109,C05BA53
DB01109,B01AB01
DB06692,B02AB01
DB01023,C09BB05
DB01023,C07FB02
DB01023,C08CA02
DB01029,C09DB05
DB01029,C09CA04
DB01029,C09DA04
DB01035,C01BA02
DB01048,J05AR04
DB01048,J05AR02
DB01048,J05AR13
DB01048,J05AF06
DB01054,C09BB06
DB01054,C08CA08
DB01056,C01BB03
DB01064,C01CA02
DB01064,R03AK02
DB01064,R03AB02
DB01064,R03CB01
DB01064,R03CB51
DB01069,V03AB05
DB01069,R06AD52
DB01069,D04AA10
DB01069,R06AD02
DB01071,R06AD07
DB01075,D04AA32
DB01075,R06AA02
DB01075,D04AA33
DB01075,R06AA52
DB01081,A07DA01
DB01084,S01GX06
DB01102,C01CA22
DB01106,R01AC02
DB01106,S01GX02
DB01114,R06AB54
DB01114,R06AB04
DB01115,C07FB03
DB01115,C08CA55
DB01115,C08GA01
DB01115,C08CA05
DB01118,C01BD01
DB01120,A10BB09
DB01129,A02BC54
DB01129,M01AA05
DB01129,A02BC04
DB01129,M02AA03
DB01136,C07AG02
DB01136,C07FX06
DB01142,N06AA12
DB01142,D04AX01
DB01146,R06AA57
DB01146,R06AA07
DB01161,N01BA04
DB01166,B01AC23
DB01173,M03BC51
DB01173,N04AB02
DB01173,M03BC01
DB01175,N06AB10
DB01176,R06AE03
DB01176,R06AE53
DB01180,C02LA52
DB01180,C02LA02
DB01180,C02AA01
DB01181,L01AA06
DB01183,N02AA53
DB01183,N02AA55
DB01183,A06AH04
DB01183,V03AB15
DB01193,C07AB04
DB01193,C07BB04
DB01195,C01BC04
DB01197,C09AA01
DB01197,C09BA01
DB01203,C07BA12
DB01203,C07AA12
DB01209,N02AX03
DB01210,S01ED03
DB01214,S01ED54
DB01214,C07BA68
DB01214,S01ED04
DB01224,N05AH04
DB01227,N07BC03
DB01229,L01CD01
DB01237,R06AA01
DB01242,N06AA04
DB01246,R06AD01
DB01248,L01CD02
DB01254,L01XE06
DB01269,L01XC08
DB01295,C07AB06
DB01295,C07BB06
DB01297,C07AB01
DB01340,C09BA08
DB01340,C09AA08
DB01348,C09AA11
DB01359,C07CA23
DB01359,C07AA23
DB01466,S01XA06
DB01466,R05DA01
DB01580,C07BA02
DB01580,C07AA02
DB01580,C07CA02
DB01600,M01AE11
DB01619,R06AX04
DB01620,R06AB05
DB01620,D04AA16
DB06725,M01AC05
DB12770,A02BA08
DB08806,A02BA06
DB06697,P01BF01
DB06697,P01BE02
DB04819,R06AC05
DB04826,R06AX03
DB04826,R06AX53
DB04826,D04AA03
DB04841,N07CA03
DB04861,C09DX05
DB04861,C07FB12
DB04861,C07BB12
DB04861,C07AB12
DB04868,L01XE08
DB06274,A06AH02
DB06282,R06AE09
DB06616,L01XE14
DB06691,D04AA02
DB06691,R06AC01
DB06698,N07CA01
DB06766,S01GX11
DB08799,R06AX05
DB08799,R01AC04
DB08800,D04AA09
DB08800,R06AC53
DB08800,R06AC03
DB08801,R06AB03
DB08801,D04AA13
DB08802,R06AD09
DB08802,D04AA22
DB08807,C07AA17
DB08807,C07CA17
DB08808,C07AA19
DB08836,C09AA14
DB08901,L01XE24
DB08936,R06AE04
DB09007,D04AA34
DB09007,R06AA06
DB09007,R06AA56
DB09488,R06AX18
DB11235,D04AA01
DB11235,R06AC06
DB11235,R01AC06
DB11591,R06AX29
DB11614,R06AX28
DB11742,R06AX22
DB12523,R06AX25
DB12877,R06AE06
DB13292,R06AX23
DB13305,D04AA12
DB13349,R06AB07
DB13420,R06AD06
DB13479,R06AC52
DB13479,R06AC02
DB13679,R06AB52
DB13679,R06AB02
DB13711,R06AX21
DB00047,A10AE54
DB00047,A10AE04
DB00091,L04AD01
DB00091,S01XA18
DB00115,B03BA01
DB00115,B03AE01
DB00115,B03BA51
DB03614,B03BA05
DB00136,D05AX03
DB00136,A11CC04
DB00153,A11CC01
DB00146,A11CC06
DB00176,N06AB08
DB00181,M03BX01
DB00182,N06BA01
DB00185,N07AX03
DB00186,N05BA56
DB00186,N05BA06
DB00188,L01XX32
DB00191,A08AA01
DB00196,J01RA07
DB00196,J02AC01
DB00196,D01AC15
DB00198,J05AH02
DB00203,G01AE10
DB00203,G04BE03
DB00211,C01CA17
DB00216,N02CC06
DB00220,J05AE04
DB00222,A10BD04
DB00222,A10BB12
DB00222,A10BD06
DB00224,J05AE02
DB00228,N01AB04
DB00230,N03AX16
DB00231,N05CD07
DB00241,N05CB01
DB00242,L04AA40
DB00242,L01BB04
DB00243,C01EB18
DB00244,A07EC02
DB00245,N04AC01
DB00248,N04BC06
DB00248,G02CB03
DB00250,D10AX05
DB00250,J04BA02
DB00261,L01XX35
DB00268,N04BC04
DB00273,N03AX11
DB00286,G03CA57
DB00286,G03CC07
DB00287,S01EE04
DB00289,N06BA09
DB00294,G03AC08
DB00304,G03AC09
DB00304,G03FB10
DB00304,G03AB05
DB00304,G03AA09
DB00315,N02CC03
DB00321,N06AA09
DB00321,N06CA01
DB00540,N06AA10
DB00322,L01BC09
DB00325,C02DD01
DB00332,R03BB01
DB00332,R01AX03
DB00332,R03AL01
DB00332,R03AL02
DB00334,N05AH03
DB00339,J04AM06
DB00339,J04AK01
DB00339,J04AM05
DB00347,N03AC02
DB00349,N05BA09
DB00356,M03BB03
DB00356,M03BB53
DB00356,M03BB73
DB00358,P01BF02
DB00358,P01BC02
DB00363,N05AH02
DB00378,G03FA14
DB00378,G03DB01
DB00378,G03FB08
DB00382,N06DA01
DB00385,L01DB09
DB00390,C01AA05
DB00394,D07CC04
DB00394,R03BA01
DB00394,R03AL09
DB00394,D07AC15
DB00394,R03AK08
DB00394,R03AK13
DB00394,R01AD01
DB00394,A07EA07
DB00395,M03BA02
DB00395,M03BA72
DB00395,M03BA52
DB00400,D01BA01
DB00400,D01AA08
DB00402,N05CF04
DB00404,N05BA12
DB00410,R01AX06
DB00410,D06AX09
DB00414,A10BB31
DB00417,J01CR50
DB00417,J01CE10
DB00417,J01CE02
DB00420,N05AA03
DB00422,N06BA04
DB00423,M03BA73
DB00423,M03BA03
DB00423,M03BA53
DB00425,N05CF02
DB00426,J05AB09
DB00426,S01AD07
DB00432,L01BC59
DB00432,S01AD02
DB00433,N05AB04
DB00437,M04AA01
DB00437,M04AA51
DB00457,C02LE01
DB00457,C02CA01
DB00468,M09AA72
DB00468,P01BC01
DB00470,A04AD10
DB00471,R03DC03
DB00471,R03DC53
DB00476,N06AX21
DB00477,N05AA01
DB00481,G03XC01
DB00484,D11AX21
DB00484,S01EA05
DB00487,J01MA03
DB00490,N05BE01
DB00493,J01DD01
DB00499,L02BB01
DB00502,N05AD01
DB00503,J05AP53
DB00503,J05AR10
DB00503,J05AE03
DB00503,J05AR23
DB00503,J05AP52
DB00507,P01AX11
DB00509,C10AX01
DB00514,R05DA09
DB00514,N07XX59
DB00518,P02CA03
DB00532,N03AB04
DB00532,N03AB54
DB00537,J01RA11
DB00537,S03AA07
DB00537,J01MA02
DB00537,S02AA15
DB00537,J01RA10
DB00537,J01RA12
DB00537,S01AE03
DB00539,L02BA02
DB00543,N06AA17
DB00546,N05BA07
DB00549,R03DC01
DB00555,N03AX09
DB00559,C02KX01
DB00565,M03AC11
DB00574,A08AA02
DB00575,S01EA04
DB00575,C02LC01
DB00575,C02AC01
DB00575,N02CX02
DB00575,C02LC51
DB00577,J05AB11
DB00581,A06AD61
DB00581,A06AD11
DB00582,J02AC03
DB00592,P02CB01
DB00601,J01XX08
DB00603,G03DA02
DB00603,L02AB02
DB00603,G03AC06
DB00604,A03FA02
DB00608,P01BA01
DB00609,J04AD03
DB00613,P01BF03
DB00613,P01BA06
DB00614,G01AX06
DB00615,J04AB04
DB00617,N03AC01
DB00622,C08CA04
DB00623,N05AB02
DB13410,C02CC07
DB00631,L01BB06
DB00638,V04CH01
DB00643,P02CA51
DB00643,P02CA01
DB00656,N06AX05
DB00669,G01AE10
DB00669,N02CC01
DB00672,A10BB02
DB00673,A04AD12
DB00674,N06DA04
DB00679,N05AC02
DB00683,N05CD08
DB00685,J01MA13
DB00690,N05CD01
DB00697,M03BX02
DB00698,J01XE01
DB00698,J01XE51
DB00699,C04AE02
DB00706,G04CA52
DB00706,G04CA02
DB00706,G04CA53
DB00711,P02CB02
DB00728,M03AC09
DB00730,D01AC06
DB00730,P02CA02
DB00734,N05AX08
DB00740,N07XX02
DB00742,B05CX04
DB00742,A06AD16
DB00742,R05CB16
DB00742,B05BC01
DB00745,N06BA07
DB00754,N03AB01
DB00764,D07AC13
DB00764,R03BA07
DB00764,D07XC03
DB00764,R01AD09
DB00764,R03AK09
DB00772,P03AX03
DB00779,J01MB02
DB00780,N06AF03
DB00787,J05AB01
DB00787,D06BB03
DB00787,S01AD03
DB00787,D06BB53
DB00794,N05CB01
DB00794,N03AA03
DB13919,C09DB07
DB13919,C09DX06
DB13919,C09DA06
DB13919,C09CA06
DB00799,D05AX05
DB00805,N06AX07
DB00816,R03AB03
DB00816,R03CB03
DB00816,R03CB53
DB00818,N01AX10
DB00829,N05BA01
DB00834,G03XB01
DB00834,G03XB51
DB00836,A07DA03
DB00836,A07DA53
DB00843,N06DA52
DB00843,N06DA53
DB00843,N06DA02
DB00845,J04BA01
DB00849,N05CB01
DB00849,N03AA01
DB00850,N05AB03
DB00857,D01AE15
DB00857,D01BA02
DB00864,D11AH01
DB00864,L04AD02
DB00874,R05CA03
DB00877,S01XA23
DB00877,L04AA10
DB00889,A04AA02
DB00897,N05CD05
DB00904,A04AA01
DB00905,S01EE03
DB00906,N03AG06
DB00909,G01AE10
DB00909,N03AX15
DB00918,N02CC05
DB00922,C01CX08
DB00924,M03BX08
DB00934,N06AA21
DB00938,R03AK06
DB00938,R03AK12
DB00938,R03AC12
DB00953,N02CC04
DB00962,N05CF03
DB00973,C10BA02
DB00973,C10BA05
DB00973,C10AX09
DB00973,C10BA06
DB00977,G03AB05
DB00977,G03AA09
DB00977,G03AA04
DB00977,G03AB01
DB00977,G03AB03
DB00977,G03AA07
DB00977,G03AA05
DB00977,G03AB04
DB00977,G03AA11
DB00977,G03AB09
DB00977,G03AA15
DB00977,L02AA03
DB00977,G03AA12
DB00977,G03AA16
DB00977,G03AB02
DB00977,G03CA01
DB00977,G03AA03
DB00977,G03AA10
DB00977,G03AB07
DB00977,G03AA13
DB00977,G03AA06
DB00977,G03AA08
DB00977,G03AA02
DB00977,G03AB06
DB00977,G03AA01
DB00982,D10AD04
DB00982,D10AD54
DB00982,D10BA01
DB00998,N02CC07
DB01001,R03AL02
DB01001,R03AK13
DB01001,R03AK04
DB01001,R03AC02
DB01001,R03CC02
DB01006,L02BG04
DB01011,V04CD01
DB01012,H05BX01
DB01014,A07EC04
DB01015,J04AM08
DB01015,G01AE10
DB01015,J01EE01
DB01015,J01EC01
DB01018,C02AC02
DB01036,G04BD07
DB01037,N04BD01
DB01041,L04AX02
DB01043,N06DA52
DB01043,N06DA53
DB01043,N06DX01
DB01044,S01AE06
DB01044,J01MA16
DB01053,J01CR50
DB01053,J01CE01
DB01053,S01AA14
DB01053,J01CE08
DB01062,G04BD04
DB01067,A10BB07
DB01068,N03AE01
DB01074,C08EX02
DB01076,C10BX06
DB01076,C10BX03
DB01076,C10BX11
DB01076,C10BX12
DB01076,C10BX15
DB01076,C10BX08
DB01076,C10BA05
DB01076,C10AA05
DB01079,A06AX06
DB01093,M02AX03
DB01093,G04BX13
DB01097,L04AA13
DB01104,N06AB06
DB01112,J01RA03
DB01112,S01AA27
DB01112,J01DC02
DB01124,V04CA01
DB01124,A10BB03
DB01131,P01BB01
DB01131,P01BB51
DB01132,A10BD06
DB01132,A10BD05
DB01132,A10BD09
DB01132,A10BG03
DB01132,A10BD12
DB01138,M04AB02
DB01139,J01DB08
DB01149,N06AX06
DB01155,J01MA15
DB01156,A08AA62
DB01156,N06AX12
DB01159,N01AB01
DB01162,G04CA03
DB01167,J02AC02
DB01168,L01XB01
DB01171,N06AG02
DB01174,N05CB01
DB01174,N03AA02
DB01182,C01BC03
DB01184,A03FA03
DB01198,N05CF01
DB01213,V03AB34
DB01215,N05CD04
DB01216,G04CA51
DB01216,D11AX10
DB01216,G04CB01
DB01218,P01BX01
DB01219,M03CA01
DB01221,N01AX03
DB01222,R03AK12
DB01222,R03AK07
DB01222,D07AC09
DB01222,R01AD05
DB01222,A07EA06
DB01222,R03BA02
DB01228,C01BC08
DB01232,J05AE01
DB01234,R01AD53
DB01234,D07XB05
DB01234,S03BA01
DB01234,R01AD03
DB01234,D10AA03
DB01234,S01CB01
DB01234,S02CA06
DB01234,S03CA01
DB01234,C05AA09
DB01234,D07CB04
DB01234,H02AB02
DB01234,S01BA01
DB01234,A01AC02
DB01234,S01CA01
DB01234,D07AB19
DB01234,S02BA06
DB01236,N01AB08
DB01238,N05AX12
DB01240,B01AC09
DB01241,C10AB04
DB01247,N06AF01
DB01250,A07EC03
DB01255,N06BA12
DB01576,N06BA02
DB01261,A10BD07
DB01261,A10BH51
DB01261,A10BD12
DB01261,A10BD24
DB01261,A10BH01
DB01275,C02DB02
DB01275,C02LG02
DB01280,L01BB07
DB01355,N01AF02
DB01355,N05CA16
DB01395,G03FA17
DB01395,G03AA12
DB01395,G03AC10
DB01406,G03XA01
DB01408,R03CC12
DB01413,J01RA06
DB01413,J01DE01
DB01424,N02BB53
DB01424,N02BB03
DB01424,N02BB73
DB01429,C01BB04
DB12243,N07XX14
DB01438,G04BX06
DB01577,N06BA03
DB01589,N05CD10
DB01591,G04CA53
DB01591,G04BD08
DB01606,J01CG02
DB01656,R03DX07
DB01708,G03EA03
DB01708,G03XX01
DB01708,A14AA07
DB01744,C01EB02
DB02546,L01XX38
DB02703,S01AA13
DB02703,D06AX01
DB02703,J01XC01
DB02703,D09AA02
DB02901,A14AA01
DB02901,G03BB02
DB09526,D11AX11
DB03783,N02BE73
DB03783,N02BE03
DB03783,N02BE53
DB03793,V04CG30
DB03793,A16AX11
DB03852,R05CA13
DB04630,H02AA01
DB04831,C03CC02
DB04839,G03HB01
DB04839,G03HA01
DB04840,C02CC04
DB04844,N07XX06
DB04871,A08AA11
DB04896,N06AX17
DB04948,N07BC04
DB05015,L01XX49
DB05016,M09AX03
DB05039,R03AL04
DB05039,R03AC18
DB05109,L01CX01
DB05271,N04BC09
DB05294,L01XE12
DB05351,A02BC06
DB05521,J05AP02
DB05676,L04AA32
DB05812,L02BX03
DB06148,N06AX03
DB06153,N02CX01
DB06154,C01DA55
DB06154,C01DA05
DB13526,A06AD14
DB06176,L01XX39
DB06201,N03AF03
DB06202,G03XC03
DB06204,N02AX06
DB06209,B01AC22
DB06211,J01DH04
DB06217,C01BG11
DB06218,N03AX18
DB06230,N07BB05
DB06263,L01DB10
DB06267,G04BE11
DB06287,L01XE09
DB06292,A10BD25
DB06292,A10BD15
DB06292,A10BK01
DB06292,A10BD21
DB06335,A10BD25
DB06335,A10BD10
DB06335,A10BD21
DB06335,A10BH03
DB06401,G03CC07
DB06401,G03XC02
DB06402,J01XA03
DB06403,C02KX52
DB06403,C02KX02
DB06480,A06AX05
DB06590,J01DI02
DB06595,L01XE39
DB06605,B01AF02
DB06637,N07XX07
DB06685,N07XX10
DB06695,B01AE07
DB06701,N06BA11
DB06708,P01BF01
DB06736,M01AB16
DB06736,M02AA25
DB06739,R03DX06
DB06755,A11CA02
DB06755,D02BB01
DB06769,L01AA09
DB06772,L01CD04
DB06781,D07AC19
DB06799,J01XX05
DB06819,A16AX03
DB06823,G04BX16
DB06824,A16AX12
DB08814,B01AC18
DB08815,N05AE05
DB08819,S01EE05
DB08820,R07AX31
DB08820,R07AX02
DB08820,R07AX30
DB08864,J05AR08
DB08864,J05AR19
DB08864,J05AR21
DB08864,J05AG05
DB08870,L01XC12
DB08874,A07AA12
DB08881,L01XE15
DB08882,A10BD11
DB08882,A10BH05
DB08882,A10BD19
DB08890,A06AX04
DB08905,L02BG02
DB08906,R03AL08
DB08906,R01AD12
DB08906,R03AK10
DB08906,R03BA09
DB08907,A10BD16
DB08907,A10BK02
DB08930,J05AR13
DB08930,J05AR21
DB08930,J05AX12
DB08934,J05AP08
DB08934,J05AP51
DB08934,J05AP55
DB08934,J05AP56
DB08949,C04AC03
DB09030,B01AC26
DB09031,L01XX09
DB09034,N05CM19
DB09038,A10BD20
DB09038,A10BD19
DB09038,A10BK03
DB14569,J01XX11
DB09053,L01XE27
DB09054,L01XX47
DB09059,G02CX01
DB09068,N06AX26
DB09072,N01AX11
DB09072,N07XX04
DB09073,L01XE33
DB09079,L01XE31
DB09080,R03AL06
DB09080,R03AC19
DB09081,N06BX13
DB09082,R03AL08
DB09082,R03AK10
DB09082,R03AL03
DB09084,A01AD02
DB09084,M01AX07
DB09084,M02AA05
DB09084,G02CC03
DB09084,R02AX03
DB09085,C05AD02
DB09085,N01BA03
DB09085,D04AB06
DB09085,N01BA53
DB09085,S01HA03
DB09089,A03AA05
DB09096,D10AE01
DB09096,D10AE51
DB09110,R05CB05
DB09110,V03AF01
DB09112,V03AB08
DB09116,N07BB02
DB09117,N05CC05
DB09128,N05AX16
DB09144,A16AX13
DB09149,V09AX05
DB09166,N05BA19
DB09167,N06AA16
DB09194,N06AB09
DB09205,C04AX10
DB09205,G04BE06
DB09209,R05DA08
DB09213,M01AE14
DB09215,M01AC04
DB09216,M01AG02
DB09225,N05AX11
DB09227,C08CA12
DB09231,C08CA15
DB09256,L01BC03
DB09256,L01BC53
DB09282,C01DX12
DB13400,C01DX18
DB09288,N02BE05
DB09291,A04AD14
DB09292,C09DX04
DB09299,J05AR19
DB09299,J05AR17
DB09299,J05AR20
DB09299,J05AR22
DB09299,J05AR18
DB09299,J05AF13
DB09300,A03DB04
DB09300,A03BB01
DB09301,M01AX25
DB11735,V08DA02
DB11735,V04CE01
DB09344,C05BB03
DB09357,D03AX03
DB09357,S01XA12
DB09357,A11HA30
DB09516,D11AX06
DB11091,D08AX01
DB11091,S02AA06
DB11091,D11AX25
DB11091,A01AB02
DB09140,V03AN01
DB11113,A06AB05
DB11121,D08AE05
DB11127,A12CE02
DB11130,A07DA02
DB11130,N02AA02
DB11145,R02AA14
DB11145,A01AB07
DB11145,D08AH03
DB11145,G01AC30
DB11251,A11HA03
DB11282,P03BX01
DB13854,D11AX02
DB13854,D11AX52
DB11362,B01AC27
DB11363,L01XE36
DB11365,A06AB56
DB11365,A06AB06
DB11366,L03AX02
DB06770,P03AX06
DB11581,L01XX52
DB11582,M03BX05
DB11582,M03BX55
DB11586,J05AP06
DB11596,V03AF10
DB11596,V03AF04
DB11635,A11HA08
DB11637,J04AK06
DB11638,P01BF05
DB11638,P01BE05
DB11640,N07XX05
DB11641,L01CA05
DB11644,N07XX08
DB00654,S01EE01
DB11712,R07AX31
DB11753,S01AA16
DB11753,S02AA12
DB11753,J04AB03
DB11823,N01AX14
DB11827,A10BD23
DB11827,A10BD24
DB11827,A10BK04
DB11842,C01CX09
DB11901,L02BB05
DB11915,N07XX13
DB11921,H02AB13
DB11963,L01XE47
DB11994,M01AX21
DB12010,B02BX09
DB12070,J05AX18
DB12245,P02BX04
DB12267,L01XE43
DB12301,J05AR24
DB12301,J05AG06
DB00806,R03DA20
DB00806,C04AD03
DB12532,C05AD06
DB01365,C01CA11
DB12902,L01AA07
DB13185,A14AB03
DB13228,C01DB01
DB13235,A01AB19
DB13269,R02AA03
DB13293,R05CA04
DB13293,V03AB01
DB13306,P01AA04
DB13306,R02AA11
DB13306,G01AC03
DB13306,D08AH02
DB13323,N01AB05
DB01563,N05CC01
DB13345,C04AE54
DB13345,C04AE04
DB13501,M02AA11
DB13501,S01BC07
DB13600,P03BA03
DB13746,P03AC52
DB13746,P03AC02
DB13747,D03AX12
DB13751,A05BA08
DB13783,M01AB11
DB13813,D09AA13
DB05382,D08AG03
DB13853,A16AX02
DB13872,N05CD06
DB13928,A10BJ06
DB13931,S01EX05
DB13941,P01BF05
DB13941,P01BX02
DB02325,D08AX05
DB00003,R05CB13
DB00004,L01XX29
DB00005,L04AB01
DB00007,L02AE51
DB00007,L02AE02
DB00008,L03AB11
DB00008,L03AB61
DB00010,V04CD03
DB00010,H01AC04
DB00011,L03AB06
DB00012,B03XA02
DB00014,L02AE03
DB00016,B03XA01
DB00017,H05BA01
DB00019,L03AA13
DB00020,L03AA09
DB00022,L03AB10
DB00022,L03AB60
DB00023,L01XX02
DB00024,H01AB01
DB00025,B02BD02
DB00026,L04AC03
DB00027,R02AB30
DB00030,A10AC01
DB00030,A10AE01
DB00030,A10AB01
DB00030,A10AD01
DB00030,A10AF01
DB00032,G03GA02
DB00034,L03AB04
DB00035,H01BA02
DB00036,B02BD08
DB00038,L03AC02
DB00039,V03AF08
DB00040,H04AA01
DB00041,L03AC01
DB00042,M03AX01
DB00043,R03DX05
DB00044,G03GA07
DB00046,A10AC04
DB00046,A10AB04
DB00046,A10AD04
DB00048,D03BA02
DB00048,M09AB02
DB00048,D03BA52
DB00049,V03AF07
DB00049,M04AX01
DB00050,H01CC02
DB00051,L04AB04
DB00052,H01AC01
DB00053,A16AB02
DB00055,B01AD10
DB00056,L01XC05
DB00057,V09IB02
DB00058,B02AB02
DB00059,L01XX24
DB00060,L03AB07
DB00061,L03AX04
DB00065,L04AB02
DB00066,G03GA10
DB00066,G03GA06
DB00066,G03GA05
DB00068,L03AB08
DB00069,L03AB09
DB00071,A10AC03
DB00071,A10AB03
DB00071,A10AE03
DB00071,A10AD03
DB00073,L01XC02
DB00074,L04AC02
DB00075,L04AA02
DB00076,V03AB24
DB00078,V10XX02
DB00080,J01XX09
DB00081,V10XA53
DB00082,H01AX01
DB00083,M03AX01
DB00085,A09AA02
DB00087,L04AA34
DB00088,A16AB01
DB00089,V09IB04
DB00090,A16AB05
DB00092,L04AA15
DB00094,G03GA04
DB00095,L04AA21
DB00097,G03GA08
DB00098,L04AA04
DB00099,L03AA02
DB00102,D03AX06
DB00102,A01AD08
DB00103,A16AB03
DB00103,A16AB04
DB00104,H01CB02
DB00105,L03AB05
DB00106,L02BX01
DB00107,G02AC01
DB00107,H01BB02
DB00108,L04AA23
DB00109,J05AX07
DB00110,J06BB16
DB00111,L04AC01
DB00113,V09IA06
DB00166,A16AX01
DB00170,B02BA02
DB00179,L01XX10
DB00180,R01AD04
DB00180,R03BA03
DB00183,V04CG04
DB00189,N05CM08
DB00194,J05AB03
DB00194,S01AD06
DB00197,A10BG01
DB00200,B03BA53
DB00200,V03AB33
DB00200,B03BA03
DB00202,M03AB01
DB00204,C01BD04
DB00205,P01BD01
DB00205,P01BD51
DB00205,P01BF04
DB00206,C02LA51
DB00206,C02AA02
DB00206,C02LA01
DB00206,C02LA71
DB00206,C02AA52
DB00209,A03DA06
DB00209,G04BD09
DB00210,D10AD03
DB00210,D10AD53
DB00212,C09XA01
DB00217,C02CC01
DB00218,S01AE07
DB00218,J01MA14
DB00219,A03AB53
DB00219,A03AB03
DB00221,R03CC06
DB00221,R03AC07
DB00223,D07AC10
DB00225,V08CA03
DB00229,J01DC07
DB00233,J04AA02
DB00233,J04AA03
DB00233,J04AA01
DB00234,N06AX18
DB00235,C01CE02
DB00236,L01AX02
DB00239,D01AC11
DB00239,G01AF17
DB00239,G01AF20
DB00240,D07AB10
DB00240,S01BA10
DB00246,N05AE04
DB00247,N02CA04
DB00249,J05AB02
DB00249,D06BB01
DB00249,S01AD01
DB00251,G01AG02
DB00253,S01BA08
DB00255,L02AA04
DB00255,L02AA01
DB00255,G03CC05
DB00255,G03CB02
DB00257,G01AF20
DB00257,D01AC01
DB00257,A01AB18
DB00257,G01AF02
DB00258,A11GB01
DB00258,V03AE04
DB00258,V03AE07
DB00259,G01AE10
DB00259,J01EB06
DB00259,D06BA05
DB00260,J04AB01
DB00262,L01AD01
DB00263,G01AE10
DB00263,J01EB05
DB00263,S01AB02
DB00267,J01DD05
DB00269,G03CA06
DB00271,V08AA01
DB00274,J01DC09
DB00276,L01XX01
DB00284,A10BD17
DB00284,A10BF01
DB00288,D07AC11
DB00290,L01DC01
DB00291,L01AA02
DB00292,N01AX07
DB00293,L01BA03
DB00298,S01EX02
DB00299,D06BB06
DB00299,J05AB13
DB00301,J01CR50
DB00301,J01CF05
DB00303,J01DH03
DB00305,L01DC03
DB00306,N05CA07
DB00307,L01XX25
DB00312,N05CB01
DB00312,N05CA01
DB00314,J04AB30
DB00319,J01CR50
DB00319,J01CA12
DB00320,N02CA51
DB00320,N02CA01
DB00323,N04BX01
DB00324,D07XB04
DB00324,D07AB06
DB00324,S01BA07
DB00324,S01BB03
DB00324,C05AA06
DB00324,D07CB03
DB00324,S01CB05
DB00324,S01CA07
DB00324,D10AA01
DB00326,A12AA10
DB00330,J04AK02
DB00330,J04AM03
DB00330,J04AM06
DB00330,J04AM07
DB00331,A10BD17
DB00331,A10BD23
DB00331,A10BD02
DB00331,A10BD18
DB00331,A10BD11
DB00331,A10BD25
DB00331,A10BA02
DB00331,A10BD22
DB00331,A10BD14
DB00331,A10BD16
DB00331,A10BD05
DB00331,A10BD15
DB00331,A10BD07
DB00331,A10BD10
DB00331,A10BD13
DB00331,A10BD20
DB00331,A10BD08
DB00331,A10BD03
DB00336,D08AF01
DB00336,S02AA02
DB00336,B05CA03
DB00336,S01AX04
DB00336,D09AA03
DB00336,P01CC02
DB00337,D11AH02
DB00340,N04AA03
DB00344,N06AA11
DB00345,V04CH30
DB00346,G04CA01
DB00346,G04CA51
DB00348,A16AX04
DB00350,D11AX01
DB00350,C02DC01
DB00351,G03FB04
DB00351,G03DB02
DB00351,G03FA08
DB00351,G03AC05
DB00351,L02AB01
DB00351,G03AA04
DB00351,G03AB01
DB00353,G02AC01
DB00353,G02AB01
DB00355,J01DF01
DB00357,L02BG01
DB00359,G01AE10
DB00359,J01EE06
DB00359,J01EC02
DB00359,J01EE02
DB00362,J02AX06
DB00364,A02BX02
DB00365,J01MA11
DB00367,G03AB03
DB00367,G03AD01
DB00367,G03AC03
DB00367,G03FB09
DB00367,G03AA07
DB00367,G03FA11
DB00369,J05AB12
DB00372,R06AD03
DB00374,B01AC21
DB00375,C10AC02
DB00376,N04AA01
DB00377,A04AA55
DB00377,A04AA05
DB00380,V03AF02
DB00383,A03AA01
DB00383,A03CA03
DB00387,N04AA04
DB00388,S01FB01
DB00388,R01AB01
DB00388,C01CA06
DB00388,R01AA04
DB00388,S01FB51
DB00388,R01BA53
DB00388,S01GA05
DB00388,S01GA55
DB00388,R01BA03
DB00389,H03BB01
DB00391,N05AL01
DB00392,N04AA05
DB00397,R01BA51
DB00397,R01BA01
DB00403,V04CC04
DB00406,G01AX09
DB00406,D01AE02
DB00408,N05AH01
DB00409,N05AL04
DB00411,N07AB01
DB00411,S01EB02
DB00413,N04BC05
DB00415,J01CR50
DB00415,J01CA51
DB00415,J01CA01
DB00415,S01AA19
DB00418,N05CB01
DB00418,N05CA06
DB00419,A16AX06
DB00424,A03BA03
DB00424,A03CB31
DB00428,L01AD04
DB00429,G02AD04
DB00430,J01DD11
DB00431,P03AB02
DB00438,J01DD02
DB00440,J04AM08
DB00440,J01EE02
DB00440,J01EA01
DB00440,J01EE03
DB00440,J01EE01
DB00440,J01EE04
DB00440,J01EE07
DB00440,J01EE05
DB00442,J05AF10
DB00443,R01AD06
DB00443,D07BC01
DB00443,S01BA06
DB00443,S01BB04
DB00443,S01CB04
DB00443,H02AB01
DB00443,C05AA05
DB00443,S03CA06
DB00443,D07XC01
DB00443,D07AC01
DB00443,A07EA04
DB00443,S02BA07
DB00443,R03BA04
DB00443,S03BA03
DB00443,S01CA05
DB00443,D07CC01
DB00445,L01DB03
DB00447,J01DC08
DB00449,S01EA02
DB00450,N05AD08
DB00454,N02AB02
DB00454,N02AB72
DB00454,N02AB52
DB00454,N02AG03
DB00456,J01DB03
DB00459,D05BB02
DB00460,S01LA01
DB00463,N03AA30
DB00464,C05BB04
DB00467,J01MA04
DB00474,N05CB01
DB00474,N01AF01
DB00474,N05CA15
DB00475,N05BA02
DB00478,J05AC02
DB00480,L04AX04
DB00485,J01CR50
DB00485,J01CF01
DB00486,A04AD11
DB00488,L01XX03
DB00491,A10BF02
DB00494,N04BX02
DB00496,G04BD10
DB00505,A03AB08
DB00508,N05AA05
DB00511,C01AA01
DB00512,J01XA01
DB00512,A07AA09
DB00515,L01XA01
DB00520,J02AX04
DB00522,V04CK03
DB00525,D01AE18
DB00526,L01XA03
DB00528,C09DB08
DB00528,C09BB02
DB00528,C08CA13
DB00529,J05AD01
DB00535,J01DD15
DB00538,V08CA06
DB00545,N07AA02
DB00547,D07AC03
DB00547,D07XC02
DB00548,D10AX03
DB00550,H03BA02
DB00551,G04BX03
DB00552,L01XX08
DB00553,D05BA02
DB00553,D05AD02
DB00558,J05AH01
DB00561,R07AB01
DB00562,G01AE10
DB00567,J01DB01
DB00572,S01FA01
DB00572,A03CB03
DB00572,A03BA01
DB00576,G01AE10
DB00576,J01EB02
DB00576,B05CA04
DB00576,S01AB01
DB00576,D06BA04
DB00578,J01CR50
DB00578,J01CA03
DB00579,A08AA05
DB00589,G02CB02
DB00589,N02CA07
DB00590,C02CA04
DB00591,S01CA10
DB00591,D07BC02
DB00591,S02BA08
DB00591,C05AA10
DB00591,S01BA15
DB00591,D07AC04
DB00591,S02CA05
DB00591,D07CC02
DB00593,N03AD01
DB00593,N03AD51
DB00596,D07AC21
DB00597,V08CA04
DB00599,N05CB01
DB00599,N01AF03
DB00599,N05CA19
DB00600,D11AX13
DB00602,P02CF01
DB00602,D11AX22
DB00607,J01CR50
DB00607,J01CF06
DB00610,C01CA09
DB00611,N02AF01
DB00620,D07AB09
DB00620,R01AD11
DB00620,R03BA06
DB00620,D07BB03
DB00620,A01AC01
DB00620,H02AB08
DB00620,D07CB01
DB00620,S01BA05
DB00620,D07XB02
DB00620,S02CA04
DB00620,C05AA12
DB00621,A14AA08
DB00626,J01XX10
DB00626,D06AX05
DB00626,R02AB04
DB00632,D06BB11
DB00633,N05CM18
DB00634,G01AE10
DB00634,D10AF06
DB00634,S01AB04
DB00636,C10AB01
DB00639,G01AF20
DB00639,G01AF15
DB00642,L01BA04
DB00644,V04CM01
DB00644,H01CA01
DB00645,N01BX02
DB00645,R02AD04
DB00646,D01AA01
DB00646,G01AA01
DB00646,A07AA02
DB00646,G01AA51
DB00648,L01XX23
DB00651,R03DA20
DB00651,R03DB01
DB00651,R03DA51
DB00651,R03DA01
DB00653,A06AD04
DB00653,V04CC02
DB00653,D11AX05
DB00653,B05XA05
DB00653,A12CC02
DB00657,C02BB01
DB00658,V03AE02
DB00659,N07BB03
DB00662,R06AA10
DB00663,D07AB03
DB00663,D07BB01
DB00663,D07CB05
DB00663,S02CA02
DB00663,D07XB01
DB00664,G01AE10
DB00664,J01ED02
DB00665,L02BB02
DB00666,H01CA02
DB00671,J01DD08
DB00676,P03AX01
DB00680,C01BG01
DB00681,G01AA03
DB00681,A07AA07
DB00681,A01AB04
DB00681,J02AA01
DB00686,C05BA04
DB00686,G04BX15
DB00687,S02CA07
DB00687,S01CA06
DB00687,H02AA02
DB00687,S03CA05
DB00692,V03AB36
DB00692,C04AB01
DB00693,S01JA01
DB00693,S01JA51
DB00694,L01DB02
DB00694,L01XY01
DB00696,N02CA02
DB00696,N02CA52
DB00696,N02CA72
DB00701,J05AE05
DB00703,S01EC05
DB00707,L01XD01
DB00713,J01CR50
DB00713,J01CF04
DB00714,G04BE07
DB00714,N04BC07
DB00715,N06AB05
DB00716,R03BC03
DB00716,R01AC07
DB00716,S01GX04
DB00717,G03DC02
DB00717,G03AA05
DB00717,G03AB04
DB00717,G03AC01
DB00717,G03FA01
DB00717,G03FB05
DB00720,M05BA02
DB00723,C01CA10
DB00724,D06BB10
DB00725,A03CB04
DB00726,N06AA06
DB00727,C01DA02
DB00727,C05AE01
DB00727,C01DA52
DB00733,V03AB04
DB00735,D01AE22
DB00738,P01CX01
DB00739,J01CA18
DB00743,V08CA08
DB00746,V03AC01
DB00747,N05CM05
DB00747,S01FA02
DB00747,A04AD01
DB00747,A04AD51
DB00752,N06AF04
DB00753,N01AB06
DB00756,D08AE01
DB00757,A04AA04
DB00760,J01DH02
DB00760,J01DH52
DB00761,A12BA51
DB00761,B05XA01
DB00761,A12BA01
DB00763,H03BB52
DB00763,H03BB02
DB00765,C02KB01
DB00770,C01EA01
DB00770,G04BE01
DB00771,A03CA02
DB00782,A03AB05
DB00782,A03CA34
DB00789,V08CA01
DB00791,L01AD08
DB00793,D01AE11
DB00795,G01AE10
DB00795,A07EC01
DB00797,M02AX02
DB00797,C04AB02
DB00800,C01CA19
DB00801,N05BA13
DB00803,J01XB01
DB00803,A07AA10
DB00804,A03AA07
DB00809,S01FA06
DB00809,S01FA56
DB00810,N04AA02
DB00811,J05AP01
DB00817,J01MB01
DB00819,G01AE10
DB00819,S01EC01
DB00820,G04BE08
DB00820,C02KX52
DB00826,G01AA02
DB00826,D01AA02
DB00826,S01AA10
DB00826,A01AB10
DB00826,A07AA03
DB00827,J01MB06
DB00828,J01XX01
DB00831,N05AB06
DB00832,N03AD02
DB00833,J01DC04
DB00837,N03AG05
DB00838,D07AB21
DB00839,A10BB05
DB00842,N05BA04
DB00846,D07CC03
DB00846,D07AC07
DB00848,P02CE01
DB00851,L01AX04
DB00852,R01BA52
DB00852,R01BA02
DB00853,L01AX03
DB00856,D01AE07
DB00859,M01CC01
DB00862,G04BE09
DB00867,G02CA01
DB00868,R05DB01
DB00869,S01EC03
DB00871,R03CC53
DB00871,R03CC03
DB00871,R03AC03
DB00872,C03XA02
DB00875,N05AF01
DB00878,R02AA05
DB00878,S03AA04
DB00878,D08AC52
DB00878,D08AC02
DB00878,S01AX09
DB00878,D09AA12
DB00878,B05CA02
DB00878,A01AB03
DB00878,S02AA09
DB00882,G03GB02
DB00883,C01DA08
DB00883,C01DA58
DB00883,C05AE02
DB00888,L01AA05
DB00890,G03CB01
DB00890,G03CC02
DB00891,G01AE10
DB00891,J01EB04
DB00895,J01CR50
DB00896,H02AB12
DB00896,S01BA13
DB00901,R03AC17
DB00910,H05BX02
DB00911,G01AF20
DB00911,A02BD09
DB00911,J01RA11
DB00911,J01RA13
DB00911,J01XD02
DB00911,P01AB02
DB00914,A10BA01
DB00914,A10BD01
DB00915,N04BB01
DB00916,A02BD11
DB00916,G01AF20
DB00916,A02BD01
DB00916,A02BD02
DB00916,A02BD03
DB00916,J01RA10
DB00916,A02BD08
DB00916,D06BX01
DB00916,J01XD01
DB00916,G01AF01
DB00916,J01RA04
DB00916,P01AB51
DB00916,J01RA03
DB00916,A01AB17
DB00916,P01AB01
DB00923,J01DC11
DB00925,C04AX02
DB00926,D05BB01
DB00928,L01BC07
DB00929,M01AE56
DB00929,G02AD06
DB00929,A02BB01
DB00930,C10AC04
DB00932,J05AE09
DB00933,N05AC03
DB00935,S01GA04
DB00935,R01AB07
DB00935,R01AA05
DB00937,A08AA03
DB00939,M01AG04
DB00939,M02AA18
DB00940,A03AB07
DB00941,M03AC05
DB00944,S01EB04
DB00947,L02BA03
DB00948,J01CR50
DB00948,J01CA10
DB00951,J04AM08
DB00951,J04AM03
DB00951,J04AM06
DB00951,J04AM07
DB00951,J04AM05
DB00951,J04AM04
DB00951,J04AM01
DB00951,J04AM02
DB00951,J04AC01
DB00951,J04AC51
DB00952,N02CC02
DB00954,J01FA13
DB00957,G03FA13
DB00957,G03AA11
DB00957,G03AB09
DB00958,L01XA02
DB00959,D10AA02
DB00959,H02AB04
DB00959,H02BX01
DB00959,D07CA02
DB00959,S01CA08
DB00959,D07AA01
DB00964,S01EA03
DB00969,A03AE01
DB00970,L01DA01
DB00971,D01AE13
DB00978,S01AE04
DB00978,J01MA07
DB00979,S01FA54
DB00979,S01FA04
DB00980,N05CH02
DB00981,S01EB05
DB00981,V03AB19
DB00983,R03AL09
DB00983,R03AK08
DB00983,R03AK09
DB00983,R03AL07
DB00983,R03AC13
DB00983,R03AL05
DB00983,R03AK11
DB00983,R03AK07
DB00986,R03AL09
DB00986,R03AL07
DB00986,A03AB02
DB00986,A03CA05
DB00986,R03AL04
DB00986,R03BB06
DB00987,L01XY01
DB00987,L01BC01
DB00989,N06DA03
DB00990,L02BG06
DB00992,L01XD03
DB00994,A07AA51
DB00994,R02AB01
DB00994,J01GB05
DB00994,D06AX04
DB00994,S03AA01
DB00994,A01AB08
DB00994,A07AA01
DB00994,S02AA07
DB00994,B05CA09
DB00994,S01AA03
DB00995,M01CB03
DB00996,N03AX12
DB01000,J01CR50
DB01003,R03AK04
DB01003,R03AK05
DB01003,R03BC01
DB01003,R01AC51
DB01003,S01GX51
DB01003,R01AC01
DB01003,S01GX01
DB01003,D11AH03
DB01003,A07EB01
DB01004,J05AB06
DB01004,S01AD09
DB01005,L01XX05
DB01007,G01AF20
DB01007,D01AC07
DB01007,G01AF08
DB01008,L01AB01
DB01019,N07AB02
DB01020,C01DA14
DB01025,A01AD07
DB01025,R03DX01
DB01026,G01AF20
DB01026,G01AF11
DB01026,J02AB02
DB01026,D01AC08
DB01028,N02BG09
DB01030,L01XX17
DB01032,G01AE10
DB01032,M04AB01
DB01039,C10BA03
DB01039,C10BA04
DB01039,C10AB05
DB01042,L01AA03
DB01045,J04AM06
DB01045,J04AM07
DB01045,J04AM05
DB01045,J04AM02
DB01045,J04AB02
DB01046,A06AX03
DB01047,C05AA11
DB01047,D07AC08
DB01047,D07CC05
DB01057,S01EB03
DB01058,P02BA01
DB01059,J01RA13
DB01059,S01AE02
DB01059,J01MA06
DB01060,A02BD11
DB01060,A02BD04
DB01060,J01CR50
DB01060,A02BD05
DB01060,A02BD01
DB01060,A02BD07
DB01060,A02BD10
DB01060,A02BD03
DB01060,A02BD06
DB01060,J01CA04
DB01061,J01CR50
DB01061,J01CA09
DB01063,N05AB07
DB01066,J01DD16
DB01070,A11CC02
DB01072,J05AR23
DB01072,J05AE08
DB01072,J05AR15
DB01073,L01BB05
DB01077,M05BB01
DB01077,M05BA01
DB01078,C01AA07
DB01080,N03AG04
DB01083,A08AB01
DB01085,N07AX01
DB01085,S01EB01
DB01085,S01EB51
DB01087,P01BA03
DB01088,B01AC11
DB01089,C02LA03
DB01089,C02AA05
DB01091,D01AE23
DB01092,C01AC01
DB01096,P02BA02
DB01099,J02AX01
DB01099,D01AE21
DB01100,N05AG02
DB01103,P01AX05
DB01105,A08AA10
DB01107,N05CE02
DB01108,H02CA01
DB01110,G01AF20
DB01110,A07AC01
DB01110,J02AB01
DB01110,D01AC52
DB01110,A01AB09
DB01110,D01AC02
DB01110,S02AA13
DB01110,G01AF04
DB01113,G04BE02
DB01113,A03AD01
DB01113,G04BE52
DB01116,C02BA01
DB01117,P01AX06
DB01119,G01AE10
DB01119,C02DA01
DB01119,V03AH01
DB01121,N03AX07
DB01122,N07AA30
DB01126,G04CA52
DB01126,G04CB02
DB01127,G01AF20
DB01127,G01AF05
DB01127,D01AC03
DB01128,L02AE51
DB01128,L02BB03
DB01130,D07AC18
DB01133,M05BA05
DB01135,M03AC07
DB01137,A02BD10
DB01137,J01MA12
DB01137,J01RA05
DB01137,S01AE05
DB01140,J01DB05
DB01141,J02AX05
DB01143,V03AF05
DB01144,G01AE10
DB01144,S01EC02
DB01145,J04BA03
DB01147,J01CR50
DB01147,J01CF02
DB01148,G04BD02
DB01150,J01DC10
DB01152,G01AA04
DB01153,G01AF20
DB01153,G01AF19
DB01153,D01AC14
DB01154,N05CB01
DB01157,P01AX07
DB01158,C01BD02
DB01163,J01CA11
DB01164,A11GB01
DB01164,A12AA07
DB01164,G04BA03
DB01164,B05XA07
DB01165,J01MA01
DB01165,J01RA09
DB01165,S01AE01
DB01165,S02AA16
DB01169,L01XX27
DB01170,S01EX01
DB01170,C02CC02
DB01170,C02LF01
DB01177,L01DB06
DB01178,M03BB02
DB01178,M03BB72
DB01178,M03BB52
DB01179,D06BB04
DB01185,G03BA01
DB01186,N04BC02
DB01187,V08AD04
DB01188,D01AE14
DB01188,G01AX12
DB01189,N01AB07
DB01191,A08AA04
DB01194,S01EC54
DB01194,S01EC04
DB01196,L01XX11
DB01199,M03AA02
DB01200,N04BC01
DB01200,G02CB01
DB01201,J04AB05
DB01202,N03AX14
DB01204,L01DB07
DB01205,V03AB25
DB01206,L01AD02
DB01208,J01MA09
DB01212,J01DD04
DB01212,J01DD54
DB01217,L02BG03
DB01220,A07AA11
DB01220,D06AX11
DB01223,R03DA20
DB01223,R03DA55
DB01223,R03DA05
DB01223,R03DB05
DB01225,B01AB05
DB01226,M03AC10
DB01230,N06BA05
DB01233,A03FA01
DB01239,N05AF03
DB01244,C08EA02
DB01249,V08AB09
DB01251,A10BB08
DB01252,A10BX08
DB01253,G02AB03
DB01256,D06AX13
DB01257,L04AA25
DB01259,L01XE07
DB01260,S01BA11
DB01260,D07BB02
DB01260,D07AB08
DB01262,L01BC08
DB01263,J02AC04
DB01264,G01AE10
DB01264,J05AR22
DB01264,J05AR14
DB01264,J05AE10
DB01265,J05AF11
DB01266,D06BB12
DB01267,N05AX13
DB01268,L01XE04
DB01270,S01LA04
DB01271,A16AB09
DB01272,A16AB07
DB01273,N07BA03
DB01276,A10BJ01
DB01277,H01AC03
DB01278,A10BX05
DB01279,A16AB08
DB01281,L04AA24
DB01282,H01BB03
DB01284,H01AA02
DB01285,H01AA01
DB01288,R03AL01
DB01288,R03CC04
DB01288,G02CA03
DB01288,R03AC04
DB01289,A10BB11
DB01291,R03CC07
DB01291,R03AC08
DB01298,G01AE10
DB01299,G01AE10
DB01303,R03DA20
DB01303,R03DB02
DB01303,R03DA02
DB01306,A10AD06
DB01306,A10AD05
DB01306,A10AB05
DB01307,A10AE05
DB01309,A10AB06
DB01319,J05AE07
DB01323,N06AX25
DB01326,J01DC03
DB01327,J01DB04
DB01328,J01DC06
DB01329,J01DD12
DB01330,J01DC05
DB01331,J01DC01
DB01332,J01DD07
DB01333,J01DB09
DB01337,M03AC01
DB01338,M03AC06
DB01339,M03AC03
DB01344,V03AE01
DB01349,C09CA05
DB01351,N05CB01
DB01351,N05CA02
DB01352,N05CA05
DB01353,N05CA03
DB01354,N05CA11
DB01362,V08AB02
DB01364,S01FB02
DB01364,R01AB05
DB01364,C01CA26
DB01364,R03CA02
DB01364,A08AA56
DB01364,R01AA03
DB01366,R03CC08
DB01366,R03AC16
DB01367,N04BD02
DB01377,A02AA02
DB01377,A12CC10
DB01377,A06AD02
DB01381,N06DA53
DB01381,N06DX02
DB01382,G01AE10
DB01382,A10BC01
DB01384,H02AB05
DB01388,C08CX01
DB01390,B05CB04
DB01390,B05XA02
DB01392,G04BE04
DB01393,C10AB02
DB01394,M04AC01
DB01396,C01AA04
DB01400,N07AA01
DB01400,S01EB06
DB01400,N07AA51
DB01403,N05AA02
DB01405,J01MA05
DB01407,R03CC13
DB01407,R03AC14
DB01407,R03CC63
DB01409,R03AL06
DB01409,R03BB04
DB01409,R03BB54
DB01410,R03BA08
DB01410,R01AD13
DB01411,R03DC02
DB01414,J01DB10
DB01415,J01DD14
DB01416,J01DD13
DB01422,J01XX07
DB01423,R05CB11
DB01425,A03FA05
DB01426,C01BA05
DB01427,C01CE01
DB01430,R07AB07
DB01431,G03DC01
DB01432,C10AC01
DB01436,M05BB06
DB01436,A11CC03
DB01437,N05CE01
DB01459,N02AC05
DB01463,N06BA06
DB01482,N06BA10
DB01483,N05CA04
DB01486,A08AA07
DB01489,N05BA15
DB01493,A14AB02
DB01495,N05CC04
DB01501,A07DA04
DB01529,N02AC01
DB01534,N05CC02
DB01538,R05DA12
DB01544,N05CD03
DB01545,N05BA18
DB01551,N02AJ01
DB01551,N02AJ02
DB01551,N02AA58
DB01551,N02AA08
DB01553,N05BA22
DB01558,N05BA08
DB01559,N05BA21
DB01567,N05BA17
DB01574,A07BC54
DB01574,A07BC04
DB01575,A07BC02
DB01578,V08AB01
DB01581,G01AE10
DB01581,J01EE07
DB01581,J01ED07
DB01581,D06BA06
DB01582,G01AE10
DB01582,J01EE05
DB01582,J01EB03
DB01586,A05AA02
DB01587,N05BA10
DB01588,N05BA11
DB01590,L01XE10
DB01590,L04AA18
DB01594,N05CD13
DB01595,N05CD02
DB01597,J01DH51
DB01598,J01DH51
DB01599,C10AX02
DB01601,J05AR10
DB01602,J01CR50
DB01602,J01CA06
DB01603,J01CR50
DB01603,J01CF03
DB01604,J01CR50
DB01604,J01CA02
DB01605,J01CR50
DB01605,J01CA08
DB01607,J01CR50
DB01607,J01CA13
DB01608,N05AC01
DB01609,V03AC03
DB01610,J05AB14
DB01611,P01BA02
DB01612,V03AB22
DB01613,C01DA63
DB01613,C01DA13
DB01614,N05AA04
DB01616,A03AX08
DB01616,A03AX58
DB01618,N05AE02
DB01621,N05AC04
DB01622,N05AB08
DB01623,N05AF04
DB01624,N05AF05
DB01625,A03CA01
DB01625,A03AB09
DB01626,C02LL01
DB01626,C02KC01
DB01677,D05AX01
DB01698,C05CA01
DB01698,C05CA51
DB01718,D08AJ04
DB01718,D11AC01
DB01718,R02AA17
DB01718,D08AJ02
DB02266,M01AG03
DB02300,D05AX52
DB02300,D05AX02
DB02329,A02BX01
DB02329,A02BX71
DB02329,A02BX51
DB02362,D02BA01
DB02362,D11AX23
DB02383,A10XA01
DB02638,H01BA04
DB02640,P01AX10
DB02925,G01AE10
DB02925,C03CA03
DB03312,J05AB15
DB03585,M01AA03
DB03585,M02AA04
DB03585,S01BC02
DB03604,H03AA04
DB03604,D11AX08
DB03615,J01GB10
DB03619,D11AX24
DB03754,B05XX02
DB03754,B05BB03
DB03808,S03AA05
DB03808,D08AC04
DB03808,R02AA18
DB03808,R01AX07
DB03808,S01AX08
DB04106,L01AD05
DB04145,C10AD05
DB04145,C04AC02
DB04165,N03AG02
DB04173,V06DC02
DB04209,D08AH01
DB04209,R02AA02
DB04209,G01AC05
DB04221,D08AJ06
DB04339,R05CB03
DB04377,C10AX05
DB04398,G01AD01
DB04445,D08AK30
DB04552,M02AA17
DB04552,M01AX02
DB04570,J01DD06
DB04571,D05BA01
DB04571,D05AD01
DB04572,L01AC01
DB04576,J01MA08
DB04599,N06BX11
DB04660,N07AX02
DB04711,V08AC04
DB04743,M02AA26
DB04743,M01AX17
DB04786,P01CX02
DB04794,D01AC10
DB04794,D01AC60
DB04812,M01AE06
DB04813,D10AB01
DB04813,P02BX01
DB04815,G01AC02
DB04815,S02AA05
DB04815,D09AA10
DB04815,P01AA02
DB04815,P01AA52
DB04815,D08AH30
DB04816,A06AB03
DB04816,A06AB53
DB04816,A06AG03
DB04817,N02BB72
DB04817,N02BB02
DB04817,N02BB52
DB04820,N06AF02
DB04821,N06AX04
DB04822,R05DB09
DB04823,A06AB01
DB04824,A06AB04
DB04825,C01DX52
DB04825,C01DX02
DB04828,M01AB04
DB04830,A10BA03
DB04832,N06AB02
DB04833,N05CX02
DB04833,N05CM01
DB04835,J05AX09
DB04836,N06AA19
DB04837,R05DB10
DB04838,C04AX01
DB04842,N05AG01
DB04843,A03AB12
DB04845,L01DC04
DB04846,C07AB08
DB04847,B03XA05
DB04849,L01XE32
DB04854,M04AA03
DB04855,C01BD07
DB04865,L01XX40
DB04876,A10BD08
DB04876,A10BH02
DB04878,A10BF03
DB04880,C01CE03
DB04884,G04BX14
DB04885,A03AE03
DB04894,H01CB04
DB04895,S01LA03
DB04899,C01DX19
DB04907,L01XX37
DB04908,G02CX02
DB04911,J01XA05
DB04920,C08CA16
DB04924,A03FA07
DB04930,P03AC54
DB04930,P03AC04
DB04931,D02BB02
DB04932,B01AX01
DB04938,G03XC05
DB04941,A07XA06
DB04944,C01EB13
DB04946,N05AX14
DB04951,L04AX05
DB04953,N03AX21
DB04956,L04AB03
DB04977,L01XX57
DB04996,L01XA04
DB05013,D06BX02
DB05018,A16AX14
DB05057,R05CB15
DB05099,B01AD09
DB05105,J05AX06
DB05168,L01CA06
DB05219,D11AH06
DB05229,B01AC19
DB05239,L01XE38
DB05245,G01AE10
DB05245,D06BA01
DB05245,D06BA51
DB05246,N03AD03
DB05254,B01AD05
DB05254,B06AA02
DB05259,L03AX13
DB05266,R03DC04
DB05273,V10BX02
DB05311,B06AC03
DB05316,N05AX17
DB05332,B02BX04
DB05336,J06BB22
DB05381,L03AX14
DB05381,V04CG03
DB05394,V04CD04
DB05396,L03AB12
DB05459,L04AC09
DB05528,C10AX11
DB05541,N03AX23
DB05578,L01XC21
DB05630,P01CB02
DB05679,L04AC05
DB05773,L01XC14
DB05791,V08CX01
DB05794,C01DX21
DB05829,H05AA03
DB05889,L01XC26
DB05990,A05AA04
DB06014,M09AX06
DB06016,N05AX15
DB06043,L01XC27
DB06081,B01AX07
DB06144,N05AE03
DB06145,J01RA04
DB06145,J01FA02
DB06147,G01AE10
DB06147,J01EB07
DB06147,D06BA02
DB06149,J01XA02
DB06150,G01AE10
DB06150,J01ED01
DB06151,R05CB01
DB06151,S01XA08
DB06151,V03AB23
DB06152,C04AA02
DB06152,G02CA02
DB06155,A08AX01
DB06160,J01MA19
DB06168,L04AC08
DB06174,R05DA07
DB06186,L01XC11
DB06193,L01DB11
DB06196,B06AC02
DB06200,C01BD06
DB06203,A10BD13
DB06203,A10BD09
DB06203,A10BH04
DB06206,V03AB35
DB06207,G04CA04
DB06210,B02BX05
DB06212,C03XA01
DB06213,C01EB21
DB06216,N05AH05
DB06219,J01XA04
DB06228,B01AF01
DB06233,L01XE19
DB06234,J05AX10
DB06237,G04BE10
DB06243,P01CX03
DB06243,D11AX16
DB06262,C01CA27
DB06264,M03BX04
DB06264,M02AX06
DB06266,L01XX07
DB06268,C02KX03
DB06271,B01AB11
DB06273,L04AC07
DB06283,N02BG08
DB06285,H05AA02
DB06288,N05AL05
DB06290,G01AE10
DB06290,J05AP05
DB06310,J06BB17
DB06317,L01XC23
DB06358,J01EA03
DB06366,L01XC13
DB06372,L04AC04
DB06393,N07XX03
DB06404,B06AC01
DB06410,H05BX03
DB06412,A14AA05
DB06413,N06BA13
DB06414,J05AG04
DB06439,R05CA01
DB06441,B01AC25
DB06470,N05CX04
DB06470,N05CM02
DB06479,N06BC02
DB06535,N04BA06
DB06589,L01XE11
DB06594,N06AX22
DB06600,J01MB08
DB06602,R03DX08
DB06603,L01XX42
DB06607,L01XC09
DB06612,R03DX09
DB06614,J05AH03
DB06623,N02BG07
DB06626,L01XE17
DB06634,A04AD13
DB06643,M05BX04
DB06650,L01XC10
DB06654,N04BD03
DB06655,A10AE56
DB06655,A10BJ02
DB06662,L04AA22
DB06663,H01CB05
DB06674,L04AB06
DB06681,L04AA28
DB06682,M01AE18
DB06683,J05AF12
DB06684,N06AX24
DB06688,L03AX17
DB06689,C05BB01
DB06690,N01AX13
DB06690,N01AX63
DB06694,R01AB06
DB06694,R01AA07
DB06694,S01GA53
DB06694,S01GA03
DB06699,L02BX02
DB06702,G04BD11
DB06703,V08CA09
DB06704,V09IX01
DB06704,V09IX02
DB06704,V10XA02
DB06705,V08CA11
DB06706,A03AX10
DB06710,G03EA01
DB06710,G03BA02
DB06710,G03EK01
DB06711,R01AB02
DB06711,S01GA01
DB06711,S01GA51
DB06711,R01AA08
DB06712,C08CA10
DB06713,G03AA13
DB06715,S01XA04
DB06715,V03AB21
DB06715,R05CA02
DB06718,A14AA02
DB06719,L02AE01
DB06720,A16AB10
DB06723,A02AB02
DB06723,A02AB01
DB06723,A02AD03
DB06724,A11GB01
DB06724,A02AC01
DB06724,A12AA04
DB06727,C01BA04
DB06729,G01AE10
DB06729,S01AB05
DB06729,J01ED08
DB06730,G03AA10
DB06730,G03AB06
DB06742,R03CC63
DB06742,R05CB06
DB06751,A03AD02
DB06752,M09AB01
DB06753,N05CM07
DB06754,B01AB09
DB06756,A16AA06
DB06756,A09AB02
DB06759,S01AD08
DB06760,A16AB06
DB06762,C02DG01
DB06762,C02LX01
DB06764,S01GA02
DB06764,S01GA52
DB06764,R01AB03
DB06764,R01AA06
DB06767,B05XA04
DB06767,G04BA01
DB06771,S01AE08
DB06773,H05BA03
DB06774,M02AB01
DB06774,N01BX04
DB06775,A16AA05
DB06776,V03AG01
DB06778,V03AB20
DB06779,B01AB04
DB06782,V03AB09
DB06783,V03AB31
DB06785,H01CC01
DB06786,D07AD02
DB06787,A03AB10
DB06788,L02AE05
DB06791,H01CB03
DB06792,V03AE03
DB06794,S01GX05
DB06795,G01AE10
DB06795,D06BA03
DB06796,V08CA05
DB06797,N05BC04
DB06800,A06AH01
DB06803,P02DA01
DB06809,L03AX16
DB06810,L01DC02
DB06811,C05BB02
DB06812,G01AX11
DB06812,R02AA15
DB06812,D08AG02
DB06812,D09AA09
DB06812,S01AX18
DB06812,D11AC06
DB06813,L01BA05
DB06815,D11AX12
DB06816,P02CX01
DB06817,J05AR16
DB06817,J05AX08
DB06820,D01AC09
DB06821,G01AE10
DB06821,J01ED04
DB06822,B01AB10
DB06825,L02AE04
DB06826,S01EE02
DB07118,A05AX02
DB07402,M01AX04
DB07477,M02AA08
DB07637,H03BX02
DB08162,C04AX32
DB08329,N03AX03
DB08439,M01AH04
DB08486,L01XD06
DB08604,D08AE04
DB08604,D09AA06
DB08621,J01BA02
DB08621,J01BA52
DB08639,G01AX17
DB08792,P01AC01
DB08794,B01AA08
DB08795,J01CE04
DB08796,R05DB11
DB08797,N02BA75
DB08797,N02BA55
DB08797,N02BA05
DB08798,J01EE04
DB08798,J01EC03
DB08803,R01AA13
DB08810,A03FA08
DB08811,N05BA23
DB08813,B01AB06
DB08816,B01AC24
DB08818,S01KA51
DB08818,S01KA01
DB08818,D03AX05
DB08818,M09AX01
DB08818,R01AX09
DB08822,C09CA09
DB08822,C09DA09
DB08824,V09AB03
DB08826,V03AC02
DB08827,C10AX12
DB08828,L01XX43
DB08835,R01AC05
DB08835,S01GX03
DB08840,A05AB01
DB08842,N06BX12
DB08860,C10AA08
DB08862,V04CK02
DB08865,L01XE16
DB08867,G03AD02
DB08867,G03XB02
DB08868,L04AA27
DB08869,H01AC06
DB08871,L01XX41
DB08873,J05AP03
DB08875,L01XE26
DB08876,A16AB11
DB08877,L01XE18
DB08879,L04AA26
DB08880,L04AA31
DB08883,N03AX22
DB08884,V08CA10
DB08885,S01LA05
DB08885,L01XX44
DB08888,S01XA22
DB08889,L01XX45
DB08893,G04BD12
DB08894,B03XA04
DB08895,L04AA29
DB08896,L01XE21
DB08897,R03AL05
DB08897,R03BB05
DB08898,V03AF09
DB08899,L02BB04
DB08900,A16AX08
DB08902,J06BB18
DB08903,J04AK05
DB08904,L04AB05
DB08908,L04AX07
DB08909,A16AX09
DB08910,L04AX06
DB08911,L01XE25
DB08912,L01XE23
DB08916,L01XE13
DB08925,N06BX17
DB08928,P01AR01
DB08931,C02KX05
DB08932,C02KX04
DB08933,D01AC18
DB08935,L01XC15
DB08938,A02AD02
DB08938,A02AF01
DB08939,R05CB09
DB08940,M01AA06
DB08941,C04AA01
DB08943,G01AF20
DB08943,G01AF07
DB08943,D01AC05
DB08944,R05DB04
DB08945,V08AC02
DB08946,V08AC06
DB08947,V08AB04
DB08948,V08AA03
DB08950,C02CA02
DB08951,M01AE10
DB08954,C04AX28
DB08955,M01AE13
DB08957,R03AC06
DB08957,R03CC05
DB08958,G01AX16
DB08958,A01AB12
DB08962,A10BB04
DB08964,G02AD03
DB08965,R02AB03
DB08967,N02CX05
DB08970,D07XB03
DB08970,D07AB07
DB08970,D07CB02
DB08971,D07AC05
DB08971,D07BC03
DB08971,D07CC06
DB08971,S01CA04
DB08971,D07XC05
DB08971,H02AB03
DB08971,C05AA08
DB08972,J01MB07
DB08974,P02CA05
DB08976,N02BG04
DB08978,A03BB04
DB08979,R03BX01
DB08979,R03DX03
DB08980,C08EA01
DB08981,M01AE05
DB08983,C10AB09
DB08984,M02AA06
DB08985,C01CA51
DB08985,C01CA01
DB08986,N05BX03
DB08987,N01BB07
DB08987,N01BB57
DB08989,R07AB04
DB08990,R05CB04
DB08992,M03BX09
DB08994,B01AC01
DB08995,C05CA03
DB08995,C05CA53
DB08996,N06AA18
DB08997,N04AA08
DB08999,R01AA02
DB09000,N05AA06
DB09001,N03AA04
DB09002,R05DB21
DB09004,R05DB03
DB09005,B02BX03
DB09008,J01DB02
DB09009,N01BB58
DB09009,N01BB08
DB09010,L01BC04
DB09011,N03AX30
DB09012,B02BX02
DB09013,S01ED06
DB09014,N05BB02
DB09015,C03DA02
DB09016,N06AA15
DB09017,N05CD09
DB09018,A03FA04
DB09019,R05CB02
DB09020,A06AB52
DB09020,A06AB02
DB09020,A06AG02
DB09021,N05BD01
DB09022,A10BX06
DB09026,C09DX02
DB09026,C09XA54
DB09026,C09XA53
DB09026,C09XA52
DB09026,C09XA02
DB09027,J05AP51
DB09028,N07BA04
DB09029,L04AC10
DB09033,L04AA33
DB09035,L01XC17
DB09036,L04AC11
DB09037,L01XC18
DB09039,A16AX10
DB09040,D01AC19
DB09041,D01AE24
DB09043,A10BJ04
DB09045,A10BJ05
DB09046,A16AA07
DB09049,A06AH03
DB09051,A16AB12
DB09052,L01XC19
DB09055,C10AD06
DB09056,D01AE16
DB09061,N03AX24
DB09062,J01DC12
DB09063,L01XE28
DB09064,C10AB08
DB09065,J05AR09
DB09065,J05AR22
DB09065,J05AR18
DB09065,J05AR15
DB09065,J05AR14
DB09065,V03AX03
DB09066,G03GA09
DB09069,C01EB15
DB09070,G03CX01
DB09071,N05CH03
DB09074,L01XX46
DB09075,B01AF03
DB09076,R03AL08
DB09076,R03AL03
DB09076,R03BB07
DB09077,L01XC16
DB09078,L01XE29
DB09083,C07FX05
DB09083,C07FX06
DB09083,C01EB17
DB09090,A03AX04
DB09091,R01AD57
DB09091,R01AD07
DB09091,A07EA05
DB09092,C04AD02
DB09093,J01AA20
DB09093,D06AA02
DB09093,S01AA02
DB09093,J01AA03
DB09093,A01AB21
DB09095,D07AC06
DB09095,D07XC04
DB09095,D07BC04
DB09097,G02CB04
DB09098,H01AC02
DB09099,H01CB01
DB09101,J05AR09
DB09101,J05AR18
DB09101,J05AX11
DB09102,J05AP07
DB09103,L03AA12
DB09104,G04BX01
DB09104,A02AA04
DB09105,A16AB13
DB09106,B05AA07
DB09107,B03XA03
DB09114,R07AA01
DB09115,G01AC01
DB09118,N03AX17
DB09120,M02AB02
DB09121,M01CB04
DB09122,L03AB13
DB09123,G03FA15
DB09123,G03AB08
DB09123,G03AA16
DB09123,G03DB08
DB09124,G03FB07
DB09124,G03DB03
DB09125,A12BA02
DB09126,G03GA01
DB09132,V08CA02
DB09133,V08AA04
DB09134,V08AB07
DB09135,V08AB12
DB09137,V09DA04
DB09138,V09BA02
DB09139,V09BA01
DB09142,V04CC03
DB09143,L01XX48
DB09146,B03AB02
DB09146,V03AE05
DB09148,V09AX06
DB09151,V09AX04
DB09152,V03AN04
DB09153,B05XA03
DB09153,B05CB01
DB09153,A12CA01
DB09154,B05CB02
DB09155,V03AN03
DB09156,V08AB05
DB09157,V03AN02
DB09160,V09GA02
DB09161,V09GA01
DB09163,V09AA01
DB09164,V09DA01
DB09165,V09BA03
DB09183,J05AP52
DB09183,J05AP09
DB09185,N06AX09
DB09203,S01GA06
DB09203,S01GA56
DB09203,C01CA08
DB09206,C02CA03
DB09208,M04AX02
DB09210,N06BX03
DB09214,N02AJ14
DB09214,M02AA27
DB09214,M01AE17
DB09219,A06AB09
DB09220,C01DX16
DB09222,B02BB01
DB09224,N05AD03
DB09228,B06AC04
DB09232,C08CA14
DB09236,C08CA09
DB09238,C08CA11
DB09238,C09BB12
DB09241,V03AB17
DB09241,V04CG05
DB09242,C02AC05
DB09242,C02LC05
DB09245,N06AG03
DB09247,N06AF06
DB09255,B05AA05
DB09258,B01AB12
DB09259,B01AB08
DB09260,B01AB07
DB09264,V03AB37
DB09265,A10AE54
DB09265,A10BJ03
DB09266,V09IA09
DB09267,M05BX53
DB09267,M05BX03
DB09268,A06AB08
DB09268,A06AB58
DB09270,C01EB09
DB09271,A03BB05
DB09272,A07DA06
DB09273,R03DA11
DB09274,P01BF04
DB09274,P01BF02
DB09274,P01BF03
DB09274,P01BE03
DB09274,P01BF06
DB09276,M01CB01
DB09278,A07BA51
DB09278,A07BA01
DB09279,C09DA10
DB09279,C09CA10
DB09280,R07AX30
DB09283,C01DX11
DB09284,C01DX09
DB09285,M01AX22
DB09286,N05AD05
DB09287,A06AD15
DB09287,A06AD65
DB09289,N06AX14
DB09293,V09FX03
DB09293,V10XA01
DB09296,J05AP53
DB09296,J05AP52
DB09297,J05AP53
DB09297,J05AP52
DB09302,C10AX14
DB09303,C10AX13
DB09308,J01FA16
DB09310,B02BD11
DB09312,L04AA03
DB09313,V08AB03
DB09314,V09FX01
DB09315,V09EX03
DB09319,J01CR50
DB09319,J01CA05
DB09320,J01CR50
DB09320,J01CE09
DB09321,C05AX04
DB09322,C05AX04
DB09322,A12CB01
DB09324,J01CG01
DB09325,A01AA51
DB09325,A01AA01
DB09325,A12CD01
DB09330,L01XE35
DB09331,L01XC24
DB09333,V08AC08
DB09333,V08AC10
DB09337,V03AN05
DB09338,C03BC01
DB09340,V08AC09
DB09345,D04AB07
DB09345,C05AD07
DB09346,V08AA02
DB09347,V08AA07
DB09353,D10AB02
DB09363,C02AA03
DB09363,C02LA08
DB09366,V08AD03
DB09369,L02AA02
DB09371,G03FA09
DB09375,S01KX01
DB09375,B06AA04
DB09383,H02AB15
DB09389,G03FA10
DB09389,G03FB01
DB09389,G03AA06
DB09393,B05BA01
DB09395,B05XA08
DB09397,V09DB05
DB09398,V09IX06
DB09403,V08AC07
DB09407,A12CC01
DB09407,B05XA11
DB09418,H03BC01
DB09420,V09FX02
DB09421,V04CJ02
DB09425,V09AX01
DB09443,V09EX01
DB09456,A10AD02
DB09456,A10AC02
DB09456,A10AE02
DB09456,A10AB02
DB09462,A06AX01
DB09462,A06AG04
DB09472,A06AD13
DB09472,A12CA02
DB09480,V09AB01
DB09481,V03AE04
DB09481,A02AA01
DB09481,A06AD01
DB09483,B05XA15
DB09484,A12CD02
DB09484,A01AA02
DB09487,V08AB06
DB09496,D02BA02
DB09498,V10BX01
DB09501,V08CA07
DB09502,V09IX04
DB09507,V08CB01
DB09532,V04CK01
DB09551,B06AA02
DB09551,B06AA10
DB09559,L01XC22
DB09561,B05XA14
DB09564,A10AD06
DB09564,A10AE56
DB09564,A10AE06
DB09570,L01XX50
DB10062,J06AA06
DB10276,J07BH01
DB10283,J06AA06
DB10317,J07BJ01
DB10400,V01AA03
DB10401,V01AA03
DB10583,J07AM51
DB10583,J07AM01
DB10583,J07AM52
DB10584,J07AF01
DB10805,J07BL01
DB11057,A06AA01
DB11057,A06AA51
DB11068,A12CE01
DB11071,G04BX12
DB11073,D08AJ03
DB11073,B05CA01
DB11073,R02AA06
DB11073,D09AA07
DB11075,S01KA02
DB11080,D08AL01
DB11081,D10AX01
DB11085,D10AX02
DB11085,S01AX06
DB11092,A01AA04
DB11093,A11GB01
DB11093,A12AA13
DB11095,B01AE01
DB11098,A12BA04
DB11104,V08DA05
DB11105,R02AA16
DB11105,D08AJ01
DB11105,D09AA11
DB11110,B05CB03
DB11110,A12CC04
DB11110,A06AD19
DB11117,D01AE04
DB11117,D01AE54
DB11123,D08AX07
DB11125,D08AJ58
DB11125,R02AA09
DB11125,D08AJ08
DB11126,A12AA03
DB11126,D11AX03
DB11150,V08BA02
DB11154,C05AX04
DB11156,P02CC01
DB11157,D05AC01
DB11157,D05AC51
DB11158,A07BC01
DB11175,C05AX04
DB11181,S01FA05
DB11182,S01JA02
DB11186,R05DB05
DB11190,A11HA32
DB11191,B03BA04
DB11228,A06AC06
DB11237,B06AA07
DB11237,D03BA01
DB11237,M09AB52
DB11248,C05AX04
DB11248,A12CB02
DB11254,R02AA12
DB11300,B02BC06
DB11300,B02BD30
DB11312,B01AD12
DB11315,A03CB01
DB11315,S01FA03
DB11315,A03BB03
DB11326,S02AA03
DB11342,D10AX04
DB11348,A11GB01
DB11348,A12AA01
DB11364,L03AX05
DB11367,J01DB11
DB11368,D01AE06
DB11371,N01AX05
DB11386,A04AD54
DB11386,A04AD04
DB11387,N01AB02
DB11396,P02DX02
DB11410,P02CA06
DB11442,J01RA08
DB11442,J01FA05
DB11473,P02BB01
DB11476,D06AX10
DB11490,V03AB02
DB11512,S01AA15
DB11526,L01XE22
DB11560,M04AB05
DB11561,D08AA02
DB11563,A16AB14
DB11569,L04AC13
DB11573,D09AA08
DB11573,M05BX02
DB11574,J05AP54
DB11575,J05AP54
DB11576,V08CB03
DB11577,V04CH02
DB11584,N06BX15
DB11590,D08AK06
DB11594,A01AB06
DB11595,L01XC32
DB11598,B01AB02
DB11604,J06BB02
DB11606,B02BD14
DB11609,R05DA06
DB11611,S01XA25
DB11613,J05AP55
DB11613,J05AP56
DB11616,L01DB08
DB11617,L01DB04
DB11618,L01DB05
DB11619,G03XA02
DB11625,V08DA03
DB11626,L03AX11
DB11630,L01XD05
DB11631,M05BC02
DB11632,N04BX04
DB11633,J02AC05
DB11634,V03AE06
DB11636,G03FB12
DB11636,G03AA14
DB11636,G03DB04
DB11639,M05BC01
DB11642,N07XX11
DB11656,A02BX14
DB11678,L01AB02
DB11691,A06AH05
DB11693,L04AD03
DB11696,A07XA04
DB11698,A10BK05
DB11699,A04AA03
DB11705,V08AB10
DB11714,L01XC28
DB11717,L01XX58
DB11718,L01XE46
DB11730,L01XE42
DB11737,L01XE48
DB11738,C02AC06
DB11748,A11DA03
DB11750,D07AD01
DB11750,D07CD01
DB11760,L01XX60
DB11767,L04AC14
DB11770,C07AB13
DB11774,J01MA18
DB11776,L04AC12
DB11783,C09AA16
DB11793,L01XX54
DB11797,M09AX05
DB11799,J05AR20
DB11800,L01XE34
DB11803,L04AC15
DB11808,J05AP04
DB11817,L04AA37
DB11820,P01CC01
DB11828,L01XE45
DB11834,L04AC16
DB11835,V09IB01
DB11866,M05BX06
DB11876,B05XB02
DB11892,J01MA17
DB11907,L01XE37
DB11935,J01DC14
DB11943,J01MA23
DB11945,L01XC31
DB11967,L01XE41
DB11988,L04AA36
DB11989,P01CA02
DB11995,B02BX08
DB11996,L03AX09
DB11999,L01XX53
DB12001,L01XE50
DB12023,R03DX10
DB12026,J05AP56
DB12035,J01AA20
DB12079,A02BX77
DB12079,A02BX07
DB12081,S01LA02
DB12086,R03BB02
DB12107,J01DH52
DB12123,C04AX27
DB12127,J01CR50
DB12127,J01CR04
DB12130,L01XE44
DB12131,N06BX18
DB12153,N06BX06
DB12159,D11AH05
DB12160,M01CC02
DB12172,P01AB06
DB12184,N06AX19
DB12190,J01DI03
DB12212,C07AB14
DB12216,D05BA03
DB12221,C03DA03
DB12248,R03CC11
DB12248,R03AC11
DB12251,A03AD30
DB12265,P01CA03
DB12277,D08AC05
DB12278,G04BD06
DB12293,N02BG06
DB12313,C01CA14
DB12319,M04AB03
DB12329,J01AA20
DB12329,J01AA13
DB12332,L01XX55
DB12338,N03AX19
DB12343,J01CR50
DB12343,J01CA17
DB12366,A16AB18
DB12374,A16AB15
DB12399,M01AH07
DB12401,N05AD06
DB12407,V08AB11
DB12412,A10BD18
DB12412,A10BH52
DB12412,A10BH06
DB12447,D10AF05
DB12455,J01AA20
DB12465,C02KD01
DB12472,R05DB27
DB12473,B05CA05
DB12474,G03FB02
DB12474,G03FA07
DB12474,G03AB02
DB12474,G03AA03
DB12474,G03DC03
DB12474,G03AC02
DB12478,N04BC08
DB12483,L01XX61
DB12487,G03CA09
DB12492,N02AC03
DB12498,L01XC25
DB12525,L03AA03
DB12545,B01AC10
DB12554,A03AA04
DB12604,J01GB08
DB12612,L04AA38
DB12624,G01AX66
DB12624,R02AA21
DB12624,D08AJ57
DB12625,A10BD22
DB12625,A10BH07
DB12656,V04CD05
DB12661,C02CA06
DB12667,J04AD01
DB12692,L04AA19
DB12698,J05AX23
DB12699,L03AA15
DB12708,G02AD05
DB12710,N05AB10
DB12766,C03BX03
DB12768,L03AX03
DB12787,A14AA09
DB12789,G02AD01
DB12808,D10AD06
DB12814,L03AB14
DB12829,J04AM04
DB12829,J04AK07
DB12832,L01AA08
DB12834,J01RA07
DB12834,P01AB07
DB12846,R03AK05
DB12846,R03CC14
DB12846,R03AC15
DB12864,P01CD01
DB12865,H05BX04
DB12867,N05AD07
DB12923,C08DA02
DB12924,D06AX14
DB12926,C01CA21
DB12927,C01CA23
DB12930,N06AA05
DB12942,A06AD12
DB12944,A03AX12
DB12945,C02LG01
DB12945,C02LG51
DB12945,C02DB01
DB12951,N06AX15
DB12954,J04AK03
DB12958,N05AX07
DB12965,D08AL30
DB12967,L01XX16
DB12975,P01BF06
DB13003,H02AB17
DB13025,N05AL03
DB13026,J01RA12
DB13026,J01RA05
DB13026,J01RA09
DB13026,G01AF06
DB13026,J01XD03
DB13026,P01AB03
DB13028,J01DH05
DB13042,A03AX05
DB13050,N07XX01
DB13064,R01AA09
DB13069,L01AD06
DB13071,C01EB05
DB13074,V04CD06
DB13076,V10AA01
DB13084,N06BX02
DB13089,D03AX10
DB13091,A03AC05
DB13092,D10AF04
DB13099,N05CM13
DB13124,C05CA04
DB13124,C05CA54
DB13125,B02BX07
DB13129,G03FA16
DB13129,G03FB11
DB13132,P01BE01
DB13133,B02BD06
DB13133,B02BD10
DB13136,B01AA12
DB13140,J06BB21
DB13142,A12AA02
DB13143,G03CC03
DB13143,G03CB03
DB13144,L03AA10
DB13146,V09IX12
DB13148,B02BD13
DB13151,B02BD03
DB13156,J05AX05
DB13157,A06AG11
DB13158,D07AB01
DB13158,S01CA11
DB13158,S01BA09
DB13161,M09AX07
DB13164,L01XE40
DB13166,C09BA15
DB13166,C09AA15
DB13167,M01AB06
DB13169,S01XA11
DB13169,A14AB01
DB13170,A06AX07
DB13173,A16AB17
DB13179,J01FA08
DB13183,V09DA02
DB13189,H05BA02
DB13191,C01EB06
DB13192,B02BD02
DB13193,G02CX03
DB13194,R05CA12
DB13195,C05CX03
DB13196,N05CM09
DB13197,C04AF01
DB13198,A09AC01
DB13198,A09AA03
DB13199,B01AD06
DB13200,L03AA14
DB13202,A05AX01
DB13203,R03DA08
DB13204,P03BX05
DB13205,P01AC04
DB13206,C04AA31
DB13207,A05BA01
DB13208,H02AB11
DB13209,A02BX12
DB13210,D03AX11
DB13211,C02CC03
DB13212,V04CH03
DB13213,N05AB09
DB13214,S01AB03
DB13215,V04CE02
DB13216,R05DB07
DB13217,M01AB10
DB13217,M02AA14
DB13218,B05CA06
DB13218,J01XX06
DB13219,N06AX13
DB13220,B03AA09
DB13221,N05CM12
DB13222,P01AA05
DB13223,D07AB04
DB13224,R05DB23
DB13225,N06AA08
DB13226,N07CA04
DB13227,C05CX01
DB13227,C05AX05
DB13229,N01AG01
DB13230,L02AB03
DB13230,G03DA01
DB13231,A12AA05
DB13232,M02AA22
DB13233,N06AB07
DB13234,N01AX04
DB13236,P02BX03
DB13237,J01XX03
DB13238,R01AA11
DB13238,R01AB08
DB13239,R05CB14
DB13240,C01AC03
DB13241,L04AA35
DB13242,C01CE04
DB13243,L01XX18
DB13244,B02AA03
DB13245,P03AA05
DB13246,N06AA23
DB13247,N06BX16
DB13248,G01AE10
DB13248,A07AB02
DB13249,A02AA05
DB13250,A02BX04
DB13251,C01CA18
DB13252,N04AA12
DB13253,N05CA22
DB13254,A03AB18
DB13255,C01DA57
DB13255,C01DA07
DB13256,N05AH06
DB13258,P01AC03
DB13259,N01BX01
DB13260,J05AX02
DB13260,D06BB07
DB13261,J01MA21
DB13262,S01EB58
DB13262,S01EB08
DB13263,P03AX04
DB13264,J01AA10
DB13265,C01DX06
DB13266,J01DB07
DB13267,R01AX05
DB13268,G01AB01
DB13268,P01CD02
DB13268,A07AX02
DB13270,J01GB09
DB13271,R05CA08
DB13272,G04BD03
DB13273,N05AL02
DB13274,S01AA22
DB13275,B01AA09
DB13276,A03AX06
DB13277,C01DX54
DB13277,C01DX04
DB13278,N02BE04
DB13278,N02BE74
DB13278,N02BE54
DB13279,C01DX05
DB13280,A02AB05
DB13281,D03BA03
DB13281,M09AB03
DB13282,D09AA05
DB13283,J01EB01
DB13284,G01AE10
DB13284,C03BA09
DB13285,A08AA06
DB13286,M01AB07
DB13287,J01FA11
DB13288,J05AC03
DB13288,D06BB02
DB13289,N02BG02
DB13290,A01AA03
DB13291,C01DX15
DB13294,S01AA25
DB13295,M03AC04
DB13296,S01AX15
DB13296,D08AC03
DB13297,M02AX05
DB13298,V04CH04
DB13299,A02BX08
DB13300,J01CA07
DB13302,J02AA02
DB13302,D01AA03
DB13302,G01AA06
DB13303,M03BA05
DB13304,L01AC02
DB13307,C01AB51
DB13307,C01AB01
DB13308,M01AB13
DB13309,R05DB02
DB13310,G03XC04
DB13311,A03AX09
DB13312,C09BB12
DB13312,C09AA12
DB13312,C09BA12
DB13313,N04BA04
DB13313,N04BA05
DB13314,M01AE16
DB13315,R05CB07
DB13316,S01FB03
DB13316,C01CA16
DB13317,M01AE15
DB13317,G02CC04
DB13318,L01CC01
DB13319,G01AF14
DB13319,P01AB05
DB13320,J01ED06
DB13321,V08AA09
DB13322,A02AD04
DB13324,M03BX07
DB13325,A07AX04
DB13326,D08AA03
DB13327,B01AC03
DB13328,N01BB05
DB13329,S01XA01
DB13330,C01CA25
DB13331,N05CE03
DB13332,P03BX04
DB13333,C01DX13
DB13334,L01AB03
DB13335,N05BA14
DB13336,P03BX02
DB13337,J01CE05
DB13338,J01FA14
DB13339,L01AG01
DB13340,C04AX19
DB13341,N06BA08
DB13342,C01DX14
DB13343,D10AB03
DB13344,D08AK01
DB13346,M01AB17
DB13346,M02AA09
DB13347,B01AA10
DB13348,C10AX03
DB13350,G01AF13
DB13350,P01AB04
DB13351,A03AA30
DB13352,N06BX04
DB13353,N02BG05
DB13354,M03BA71
DB13354,M03BA51
DB13354,M03BA01
DB13355,C04AX24
DB13356,P03AA03
DB13356,D10AB05
DB13357,M03BA04
DB13358,C01BG07
DB13359,A12CC05
DB13360,D01AE19
DB13361,A03AX30
DB13362,N03AX13
DB13363,M01AX24
DB13363,D11AX09
DB13364,M01AX18
DB13364,M02AA16
DB13364,M01AX68
DB13365,A12AA06
DB13366,B05XA13
DB13366,A09AB03
DB13367,B01AC02
DB13368,D10AD05
DB13369,A03AB01
DB13370,N05CM03
DB13371,M01AB12
DB13372,B02BC08
DB13373,R02AA13
DB13374,C04AX07
DB13375,L01XC01
DB13376,G04BX10
DB13377,N05CA09
DB13378,C01CA05
DB13379,P01AX01
DB13380,A03AA09
DB13381,B03AB03
DB13382,N05AA07
DB13383,D08AG04
DB13384,N06CA02
DB13384,N06AA14
DB13385,N04BC03
DB13386,G03GB03
DB13387,B06AB01
DB13388,D09AA04
DB13389,V08AD02
DB13391,R05CA11
DB13392,D08AK04
DB13393,P01AX02
DB13393,P01AX52
DB13394,A01AD06
DB13394,B02BC05
DB13395,R03DX02
DB13396,N03AB03
DB13397,R05DB18
DB13398,C01DX03
DB13398,C01DX53
DB13399,G02CB06
DB13401,C01AA08
DB13402,N05CC03
DB13403,N05AE01
DB13404,S01XA05
DB13405,C03BB05
DB13405,C03BA05
DB13406,A10BB06
DB13407,M02AA24
DB13407,N02BB05
DB13408,C01DA54
DB13408,C01DA04
DB13409,J01FA12
DB13411,N06AA07
DB13412,N06BX08
DB13413,N04AA09
DB13414,M03BX30
DB13415,R07AB53
DB13415,R07AB03
DB13416,A11DA02
DB13417,J04AK04
DB13418,G03CB04
DB13419,A02BX11
DB13421,D06BB09
DB13422,C10AD03
DB13423,B03AB04
DB13424,P03AB51
DB13424,P03AB01
DB13425,G01AF18
DB13425,D01AC16
DB13427,V10AX06
DB13428,V08AC05
DB13429,C02AC04
DB13430,C03AA13
DB13430,C03EA05
DB13431,A02BX06
DB13432,M01AB09
DB13433,C10AB06
DB13434,D01AC12
DB13434,G01AF12
DB13435,C02DB03
DB13436,R05DB17
DB13437,N05BA03
DB13438,N06BX14
DB13439,A03AX01
DB13441,C10AD01
DB13442,A05BA04
DB13443,C07AB11
DB13444,V08AA05
DB13445,R05DB26
DB13446,A10BX01
DB13447,R07AB06
DB13448,N04AA10
DB13449,R03DA03
DB13449,R03DB03
DB13451,B01AA11
DB13452,C02DB04
DB13453,N01AX15
DB13454,N02AA04
DB13455,N06BX22
DB13456,J01FA03
DB13457,N06AX10
DB13458,R05DA10
DB13459,D01AA04
DB13460,C10AB07
DB13461,J01DD17
DB13462,P02CX02
DB13463,N02CX06
DB13464,H01BA05
DB13465,P02CA04
DB13466,R06AX16
DB13467,C01AA06
DB13468,N04AC30
DB13469,P01AX04
DB13470,J01DD09
DB13471,V03AX02
DB13472,G03GB01
DB13473,R05CA07
DB13474,R05DB24
DB13475,J01XE03
DB13476,A03AX02
DB13477,C05BA02
DB13478,N02AX05
DB13480,L03AX01
DB13481,M01AX23
DB13482,R07AB08
DB13483,B02BX01
DB13484,A14AA06
DB13485,J01ED03
DB13486,A06AD03
DB13486,A02AA03
DB13487,V09XA01
DB13488,C04AX11
DB13489,R06AX01
DB13489,D04AA15
DB13490,C05CA05
DB13491,D07AB05
DB13492,D08AE02
DB13492,G01AX03
DB13493,A05AX03
DB13494,C01CA12
DB13495,S01EB10
DB13496,N06AA13
DB13497,A03AX14
DB13499,J01DD03
DB13500,A03CA04
DB13500,A03AB06
DB13502,N04BX03
DB13503,S01AA05
DB13503,R02AB02
DB13503,D06AX08
DB13504,J01DD10
DB13505,A03CA30
DB13505,N05CX05
DB13505,G04BD01
DB13506,G01AA08
DB13507,A03AB11
DB13508,C07AA27
DB13509,N02BA02
DB13509,B01AC15
DB13510,C04AX20
DB13511,A03FA06
DB13512,P01AC02
DB13513,D01AE03
DB13514,S01BC09
DB13515,N07BC05
DB13516,G01AX01
DB13517,C01CX06
DB13518,A02BX13
DB13519,A04AD02
DB13520,G02CB05
DB13521,C10AX10
DB13522,N06BX21
DB13523,N05AL06
DB13524,N02BB74
DB13524,N02BB54
DB13524,N02BB04
DB13525,R05CA05
DB13527,M01AB14
DB13528,G03FB03
DB13528,G03AA15
DB13528,G03AB07
DB13528,G03DB06
DB13529,C05BX01
DB13529,C05BX51
DB13530,C07AA14
DB13531,A03AC04
DB13532,G01AE10
DB13532,C03AB07
DB13532,C03EA07
DB13532,C03AA07
DB13533,G03DC31
DB13534,N05BX02
DB13535,J06BC01
DB13536,P01AA01
DB13536,A07AX01
DB13536,G01AC06
DB13537,C01AA09
DB13538,N02BA14
DB13539,V08AC01
DB13540,J01GB11
DB13541,N02CX03
DB13542,A03AB13
DB13542,A03DA03
DB13542,A03CA06
DB13543,L01AX01
DB13544,N02BA07
DB13544,N02BA77
DB13544,N02BA57
DB13545,M04AB04
DB13546,N06BX10
DB13547,G01AE01
DB13548,D08AC01
DB13548,S01AX14
DB13549,V03AB27
DB13550,N06AX08
DB13551,M04AC02
DB13552,N05AD02
DB13553,J01DF02
DB13554,N05AD04
DB13555,C01BA08
DB13556,J01ED09
DB13557,N05AB05
DB13558,R05DB25
DB13559,R03AC05
DB13560,D03AX02
DB13561,A08AA08
DB13563,G03AC07
DB13564,R05DB15
DB13565,A01AB14
DB13565,D08AJ05
DB13566,R06AX32
DB13567,P02DX01
DB13568,V08AA10
DB13569,B03AA05
DB13570,B02BC02
DB13571,G01AA11
DB13572,N05BC03
DB13573,R03DA09
DB13574,C01DX08
DB13575,C02AA07
DB13575,C02LA07
DB13575,C02AA57
DB13576,C10AD04
DB13577,N05CA21
DB13578,N01BA01
DB13579,R07AB09
DB13580,A07AB04
DB13581,A03AA06
DB13582,V09XX04
DB13583,M03BX06
DB13584,M03AC02
DB13585,C01DX01
DB13585,C01DX51
DB13586,A14AA03
DB13586,D11AE01
DB13587,G03BB01
DB13588,C04AX21
DB13590,A12AA11
DB13591,A04AD05
DB13592,R03DB06
DB13592,R03DA06
DB13593,A02BX10
DB13595,A02AD05
DB13596,M01CA03
DB13597,J05AX01
DB13598,N01AA01
DB13599,P01AR02
DB13601,N06BX07
DB13602,G03DB07
DB13603,D01AA07
DB13604,C02CC06
DB13605,N01AH04
DB13606,N02AD02
DB13607,S01AX16
DB13608,J04AD02
DB13609,J05AX13
DB13610,N02CB01
DB13611,D01AC04
DB13612,N02BA15
DB13612,B01AC08
DB13613,D01AE08
DB13614,R01AA10
DB13615,L03AX15
DB13616,B01AE04
DB13617,C03BA12
DB13617,C03BA82
DB13618,M05BX01
DB13619,N04AA11
DB13620,A12BA05
DB13621,B02BC03
DB13622,V09XX03
DB13623,N05BX04
DB13624,R03CB02
DB13625,R03CC10
DB13625,R03AC10
DB13626,A02AB07
DB13627,J01MB05
DB13628,D01AE10
DB13629,M01AA02
DB13629,M02AA02
DB13630,R05DB12
DB13631,C02AA06
DB13631,C02LA04
DB13632,G01AX13
DB13633,G04CX03
DB13633,G01AA09
DB13633,A01AB16
DB13633,D01AA06
DB13634,C04AD01
DB13635,C01EB11
DB13636,N04AB01
DB13637,C01DA38
DB13638,J01DC13
DB13639,B03AA08
DB13640,A02BX09
DB13641,J05AA01
DB13642,M03BX03
DB13643,N05CD11
DB13644,H03BA01
DB13645,C01BC09
DB13646,B01AD08
DB13647,L01AD03
DB13648,M03AA01
DB13649,M01AX13
DB13650,A02AB06
DB13651,C01BA12
DB13652,C01BD03
DB13653,C01BC07
DB13654,A07BC05
DB13655,R07AB02
DB13655,R07AB52
DB13656,D01AC17
DB13657,N02BA10
DB13658,B05AA09
DB13659,P01AX08
DB13660,J01CE03
DB13661,P02BX02
DB13662,N05CM10
DB13663,C03BB07
DB13663,C03BA07
DB13664,S01BA12
DB13665,N05AD09
DB13666,A03AB17
DB13666,A03DA07
DB13667,J01DE03
DB13668,N06DA05
DB13669,N02BA08
DB13670,P02CC02
DB13671,D01AE09
DB13672,A03AC02
DB13673,J01GB13
DB13674,L03AX18
DB13675,A10BB10
DB13676,N05AX10
DB13677,L01AC03
DB13678,A03AA08
DB13680,C05CX02
DB13681,C04AX23
DB13682,J01DE02
DB13683,D04AB05
DB13684,G01AF16
DB13684,D01AC13
DB13685,G03AA02
DB13685,G03AC04
DB13686,J01CE07
DB13687,N05CM16
DB13688,M09AX04
DB13689,D05AX04
DB13690,N01AA02
DB13691,C01AA02
DB13691,C01AA52
DB13692,R03CC09
DB13692,R03AC09
DB13693,J01CA16
DB13694,N07AA03
DB13695,A03AB04
DB13696,D01AE01
DB13697,R02AA01
DB13698,B03AA04
DB13699,J01EB08
DB13700,V03AB14
DB13701,V08AA06
DB13702,A01AB15
DB13703,C01CA15
DB13704,J01FG01
DB13705,D08AJ10
DB13706,D08AX02
DB13707,A06AD21
DB13708,C03BA13
DB13709,C04AC07
DB13710,A14AA04
DB13712,P03AA01
DB13713,R06AX31
DB13714,J01XX02
DB13715,C01DX10
DB13716,P03BX03
DB13717,P03AC53
DB13717,P03AC03
DB13718,M09AA01
DB13719,C01DA09
DB13719,C01DA59
DB13720,A03CA08
DB13720,A03AB15
DB13721,P03BA02
DB13722,M01AE08
DB13723,C01EB22
DB13724,G01AX05
DB13725,G04BD05
DB13726,A07AB03
DB13727,C04AX30
DB13728,D07AC12
DB13729,B02AB04
DB13730,J01XE02
DB13731,R05DB13
DB13732,P01CB01
DB13733,N05CX03
DB13733,N05CM15
DB13734,D08AE06
DB13736,R01AA12
DB13737,N05CA10
DB13738,A03AA03
DB13738,A03DA05
DB13739,J01CE06
DB13740,R07AB05
DB13741,V08AC03
DB13742,H05BA04
DB13743,M01CB02
DB13744,J01MB03
DB13745,M03AC08
DB13748,A05BA07
DB13749,A12CC03
DB13750,V03AB13
DB13752,P03BA04
DB13753,C04AX26
DB13754,N05BX01
DB13755,V08AA08
DB13756,C01AX02
DB13757,C07AB10
DB13758,N06BX01
DB13759,A03AB21
DB13760,A02BA05
DB13761,A09AA04
DB13762,A02BC07
DB13763,M01CB05
DB13764,C05CA02
DB13765,D08AK03
DB13766,C08EX01
DB13767,L02BG05
DB13768,R05CB08
DB13769,A03AB16
DB13770,N05CA08
DB13771,B03AB01
DB13772,J01MA10
DB13773,J01ED05
DB13774,R02AA10
DB13775,C07AA16
DB13776,D06BB08
DB13777,C01CA13
DB13778,J01DB06
DB13779,C02CC05
DB13780,C10AB03
DB13781,C01CX07
DB13782,N06AA03
DB13784,N05AB01
DB13785,R05DB19
DB13786,A12CC09
DB13787,N02AX01
DB13788,A03AX03
DB13789,S02AA04
DB13790,N06BX05
DB13791,N05AG03
DB13792,C03BB03
DB13792,C03BA03
DB13793,C04AX17
DB13794,R05DB28
DB13795,J01EA02
DB13796,R05DB16
DB13797,V09XA02
DB13798,H01BB01
DB13799,N03AC03
DB13800,A12AA30
DB13801,C03CD01
DB13802,A05BA05
DB13803,C03BA10
DB13804,H03BA03
DB13805,N05CA12
DB13806,N06BX09
DB13807,M04AA02
DB13808,R06AX15
DB13809,L01CD03
DB13810,R05DA11
DB13811,L01XX36
DB13812,R03DA10
DB13814,J01CA15
DB13815,D11AC09
DB13816,J01CA19
DB13817,N05CM04
DB13818,S01AX05
DB13819,A03AX07
DB13820,R06AD08
DB13821,J01DB12
DB13822,R05DB22
DB13823,J01MB04
DB13824,A02BB02
DB13825,R05DB14
DB13826,P03BX06
DB13827,R01AA15
DB13828,P03BA01
DB13829,A02AC02
DB13830,G01AX15
DB13831,V03AB18
DB13831,D08AX06
DB13832,L01AD07
DB13833,A03BB02
DB13834,D08AK02
DB13835,A03AX11
DB13836,J01CA14
DB13837,N05CD12
DB13838,B05CA07
DB13839,N02BA09
DB13839,N02BA59
DB13839,N02BA79
DB13839,M01BA02
DB13840,R06AD05
DB13840,R06AD55
DB13841,N05AF02
DB13842,C04AD04
DB13843,H02AB14
DB13844,A03CA09
DB13844,A03AB14
DB13845,C01DX07
DB13846,R06AX58
DB13846,R06AX08
DB13847,V10AX05
DB13848,V09IX05
DB13849,C10AB10
DB13850,A03AB19
DB13851,P01BE04
DB13852,A08AA09
DB13855,A07AX03
DB13856,D07AC02
DB13857,G03DB05
DB13858,D01AE17
DB13860,N02BA16
DB13861,V08AB08
DB13862,B05XA10
DB13863,C01EB07
DB13864,B05AA08
DB13865,P01AX09
DB13866,G03FA06
DB13866,G03AA01
DB13866,G03DC06
DB13867,R03AK06
DB13867,R03AK11
DB13867,R03BA05
DB13867,D07AC17
DB13867,R01AD58
DB13867,R01AD08
DB13873,C10AB11
DB13874,L01XX59
DB13878,J05AP57
DB13879,J05AP57
DB13886,J06BB09
DB13896,L01XX51
DB13923,B02BX06
DB13926,S01XA24
DB13975,G02CX04
DB13976,V09HA04
DB13989,C03EA03
DB14004,L04AC17
DB14006,N02BA03
DB14012,M05BX05
DB14018,R03DA20
DB14028,N05BA16
DB14033,G01AE10
DB14039,N02CX07
DB14042,N02CX08
DB14048,V03AE10
DB14193,C05AX04
DB14194,C05AX04
DB14218,A16AX15
DB14485,C05AX04
DB14487,C05AX04
DB14487,A16AX05
DB14488,B03AA03
DB14489,B03AA06
DB14490,B03AA10
DB14491,B03AA02
DB14491,B03AD02
DB14498,B05XA17
DB14500,C03AB08
DB14500,C03BB04
DB14500,C03AB01
DB14500,C03AB09
DB14500,C03CB01
DB14500,C03AB02
DB14500,C03AB04
DB14500,C03CB02
DB14500,C03AB03
DB14500,C03AB06
DB14500,C03AB05
DB14500,C03BB02
DB14500,C03BB05
DB14500,C03AB07
DB14500,C03BB07
DB14500,C03BB03
DB14501,B03AA01
DB14505,S01AX07
DB14508,D11AX04
DB14514,A12CC07
DB14515,A12CC06
DB14517,A02AB03
DB14520,V03AE08
DB14533,C05AX04
DB14533,B05XA12
DB14538,D07AC16
DB14540,D07AB02
DB14540,D07BB04
DB14543,D07AB11
DB14548,C05AX04
DB14562,V03AB38
DB14570,G03FA02
DB14570,G03DA03
DB14575,N03AF04
DB14582,N07XX12
DB14585,A06AC51
DB00873,S01BA14
DB14597,B06AC05
DB14642,H01BA03
DB14643,D07AC14
DB14661,A07DA05
DB14681,H02AB10
DB14681,S01BA03
DB14684,A06AC08
DB14708,D08AX04
DB14719,N05BA24
DB14724,L04AA39
DB14733,J01DI01
DB14740,B06AA03
DB00781,S02AA11
DB00781,S03AA03
DB00781,J01XB02
DB00781,A07AA05
DB00781,S01AA18
DB14749,R05CA06
DB14751,H01AC05
DB14763,P01BB02
DB14947,L01XC29
DB14951,L01XX56
DB15119,L03AB15
DB15263,V04CJ01
DB15290,L03AA17
DB15300,C01BA13
